date,classification,sentiment_binary,total_pnl,net_pnl,trades_closed,wins,losses,avg_win,avg_loss,avg_size_usd,win_rate,total_trades,unique_accounts,long_trades,short_trades,total_volume_usd,long_short_ratio,drawdown_proxy,sentiment_enc,pnl_lag1,pnl_lag2,pnl_roll3,winrate_lag1,trades_lag1,size_lag1,ls_ratio_lag1,sentiment_lag1,target
2023-12-19,Greed,Greed,1000.5386120000001,985.0677450000001,10,10,0,100.0538612,0.0,6188.349,1.0,15,1,15,0,91602.41,15000000000.0,0.0,2,304.982785,-24.632033999999997,24.972004666666635,0.6363636363636364,14.0,5996.891818181818,14000000000.0,2.0,1
2023-12-20,Greed,Greed,162.732282,145.00735,8,8,0,20.34153525,0.0,8862.46875,1.0,18,1,18,0,141636.79,18000000000.0,-840.0603950000001,2,1000.5386120000001,304.982785,426.963121,1.0,15.0,6188.349,15000000000.0,2.0,1
2023-12-21,Greed,Greed,537.211402,521.490022,27,26,1,20.668329000000004,-0.165152,2329.095185185185,0.9629629629629629,49,1,49,0,125233.97,49000000000.0,-463.5777230000001,2,162.732282,1000.5386120000001,489.417893,1.0,18.0,8862.46875,18000000000.0,2.0,1
2023-12-22,Greed,Greed,141.832675,134.41293499999998,2,2,0,70.9163375,0.0,14839.48,1.0,10,1,10,0,88874.28,10000000000.0,-850.6548100000001,2,537.211402,162.732282,566.827432,0.9629629629629629,49.0,2329.095185185185,49000000000.0,2.0,1
2023-12-23,Greed,Greed,146.936704,133.406299,8,8,0,18.367088000000003,0.0,6765.20375,1.0,13,1,13,0,78438.25,13000000000.0,-851.6614460000001,2,141.832675,537.211402,280.5921196666667,1.0,10.0,14839.48,10000000000.0,2.0,1
2023-12-24,Greed,Greed,1008.619956,958.12551,17,15,2,67.8798664,-4.789020000000001,11881.048823529412,0.8823529411764706,39,1,32,7,402954.94,4.5714285707755105,-26.942235000000096,2,146.936704,141.832675,275.326927,1.0,13.0,6765.20375,13000000000.0,2.0,0
2023-12-25,Greed,Greed,-245.081348,-252.54425899999998,1,0,1,0.0,-245.081348,29851.65,0.0,3,1,3,0,59948.51,3000000000.0,-1237.612004,2,1008.619956,146.936704,432.4631116666667,0.8823529411764706,39.0,11881.048823529412,4.5714285707755105,2.0,0
2023-12-27,Greed,Greed,-704.8892269999999,-726.227479,13,4,9,197.51036175000002,-166.1034082222222,6565.618461538462,0.3076923076923077,28,1,28,0,171411.06,28000000000.0,-1711.295224,2,-245.081348,1008.619956,303.49177066666675,0.0,3.0,29851.65,3000000000.0,2.0,0
2023-12-28,Greed,Greed,-970.730876,-983.1241759999999,13,0,13,0.0,-74.67160584615385,3813.326153846154,0.0,23,1,23,0,100117.25,23000000000.0,-1968.191921,2,-704.8892269999999,-245.081348,19.549793666666762,0.3076923076923077,28.0,6565.618461538462,28000000000.0,2.0,1
2023-12-29,Greed,Greed,508.92214299999995,443.89854,20,15,5,60.77299666666667,-80.5345614,13004.722,0.75,50,1,37,13,569559.72,2.846153845934911,-541.169205,2,-970.730876,-704.8892269999999,-640.2338169999999,0.0,23.0,3813.326153846154,23000000000.0,2.0,1
2023-12-30,Greed,Greed,354.998648,260.7971109999999,33,23,10,41.249484869565215,-59.3739504,11418.369696969698,0.696969696969697,52,1,35,17,702550.21,2.0588235292906574,-724.2706340000002,2,508.92214299999995,-970.730876,-388.89931999999993,0.75,50.0,13004.722,2.846153845934911,2.0,0
2024-01-01,Greed,Greed,-129.53146,-162.47475399999996,6,1,5,281.677062,-82.2417044,21962.198333333334,0.16666666666666666,18,1,14,4,264239.52999999997,3.499999999125,-1147.5424990000001,2,354.998648,508.92214299999995,-35.603361666666636,0.696969696969697,52.0,11418.369696969698,2.0588235292906574,2.0,1
2024-01-02,Greed,Greed,783.979116,768.908542,9,8,1,129.59666712499998,-252.794221,6698.035555555556,0.8888888888888888,17,1,0,17,121348.74,0.0,-216.15920300000005,2,-129.53146,354.998648,244.79644366666665,0.16666666666666666,18.0,21962.198333333334,3.499999999125,2.0,1
2024-01-03,Greed,Greed,866.015507,816.5948960000001,35,28,7,33.230459392857135,-9.205336571428571,5648.070285714285,0.8,67,1,67,0,394499.36,66999999999.99999,-168.472849,2,783.979116,-129.53146,336.48210133333333,0.8888888888888888,17.0,6698.035555555556,0.0,2.0,0
2024-01-04,Greed,Greed,-67.60364,-80.069255,3,0,3,0.0,-22.534546666666667,16620.823333333334,0.0,5,1,5,0,99792.54000000001,5000000000.0,-1065.1370000000002,2,866.015507,783.979116,506.8210543333333,0.8,67.0,5648.070285714285,66999999999.99999,2.0,1
2024-01-05,Greed,Greed,164.141565,-48.89400399999998,23,13,10,55.56374015384616,-55.818705699999995,37049.66565217391,0.5652173913043478,66,1,42,24,1703942.66,1.7499999999270834,-1033.961749,2,-67.60364,866.015507,527.463661,0.0,5.0,16620.823333333334,5000000000.0,2.0,1
2024-01-06,Greed,Greed,135.58166400000002,98.21724200000003,12,10,2,26.488262400000004,-64.65048,12454.809166666666,0.8333333333333334,22,1,19,3,298521.4,6.333333331222222,-886.850503,2,164.141565,-67.60364,320.85114400000003,0.5652173913043478,66.0,37049.66565217391,1.7499999999270834,2.0,0
2024-01-07,Greed,Greed,-835.681235,-948.3773699999999,37,9,28,18.830537777777774,-35.89843125,12183.368108108109,0.24324324324324326,97,1,79,18,1048850.06,4.388888888645062,-1933.445115,2,135.58166400000002,164.141565,77.37319633333338,0.8333333333333334,22.0,12454.809166666666,6.333333331222222,2.0,0
2024-01-08,Greed,Greed,-269.874439,-478.3096820000002,67,32,35,60.238711124999995,-62.786091285714285,12443.896567164178,0.47761194029850745,128,1,81,47,1522452.43,1.7234042552824809,-1463.3774270000004,2,-835.681235,135.58166400000002,-178.6526686666666,0.24324324324324326,97.0,12183.368108108109,4.388888888645062,2.0,0
2024-01-09,Extreme Greed,Greed,-826.349863,-922.616139,28,18,10,71.79342494444444,-211.8631512,13752.3275,0.6428571428571429,70,1,50,20,870051.97,2.499999999875,-1907.683884,2,-269.874439,-835.681235,-323.32466999999997,0.47761194029850745,128.0,12443.896567164178,1.7234042552824809,2.0,0
2024-01-10,Greed,Greed,-1517.091342,-1787.109512,83,41,42,58.47293134146342,-93.20194111904762,13012.92530120482,0.4939759036144578,193,1,103,90,2057479.48,1.1444444444317283,-2772.1772570000003,2,-826.349863,-269.874439,-643.9685123333333,0.6428571428571429,70.0,13752.3275,2.499999999875,2.0,0
2024-01-11,Extreme Greed,Greed,-164.08950099999998,-196.391416,9,5,4,60.0548166,-116.090896,14356.41,0.5555555555555556,21,2,12,9,305314.1,1.333333333185185,-1181.459161,2,-1517.091342,-826.349863,-871.1052146666666,0.4939759036144578,193.0,13012.92530120482,1.1444444444317283,2.0,0
2024-01-12,Greed,Greed,-1925.519024,-1950.0386819999999,2,0,2,0.0,-962.759512,49039.315,0.0,7,1,7,0,200082.27,7000000000.0,-2935.1064269999997,2,-164.08950099999998,-1517.091342,-835.8435686666666,0.5555555555555556,21.0,14356.41,1.333333333185185,2.0,1
2024-01-15,Neutral,Neutral,152.85358,152.702423,9,9,0,16.983731111111112,0.0,69.98444444444445,1.0,14,2,14,0,50636.1,14000000000.0,-832.3653220000001,1,-1925.519024,-164.08950099999998,-1202.2332889999998,0.0,7.0,49039.315,7000000000.0,2.0,0
2024-01-16,Greed,Greed,-2299.171458,-2311.549871,5,3,2,313.20951399999996,-1619.4,19168.05,0.6,9,2,9,0,116427.33,9000000000.0,-3296.6176160000005,2,152.85358,-1925.519024,-645.5849816666666,1.0,14.0,69.98444444444445,14000000000.0,1.0,1
2024-01-17,Greed,Greed,813.2741110000001,713.060411,19,11,8,83.84110827272727,-13.622259999999999,21097.62263157895,0.5789473684210527,53,1,28,25,800831.03,1.1199999999552,-272.007334,2,-2299.171458,152.85358,-1357.2789673333332,0.6,9.0,19168.05,9000000000.0,2.0,1
2024-01-18,Greed,Greed,68.93319,19.03057100000001,9,3,6,79.60056666666667,-28.311418333333336,22178.942222222224,0.3333333333333333,46,1,21,25,424631.52999999997,0.8399999999664,-966.037174,2,813.2741110000001,-2299.171458,-444.3479223333332,0.5789473684210527,53.0,21097.62263157895,1.1199999999552,2.0,0
2024-01-19,Neutral,Neutral,-385.385235,-441.78729000000004,26,6,20,33.82582333333333,-29.417008749999997,8678.377307692308,0.23076923076923078,48,2,32,17,428428.97,1.882352941065744,-1426.855035,1,68.93319,813.2741110000001,-472.32138566666646,0.3333333333333333,46.0,22178.942222222224,0.8399999999664,2.0,0
2024-01-20,Neutral,Neutral,-146.57487000000003,-272.88956499999995,32,15,17,33.418762400000006,-38.109194470588236,15789.338749999999,0.46875,106,1,62,44,1070090.51,1.4090909090588843,-1257.95731,1,-385.385235,68.93319,165.60735533333343,0.23076923076923078,48.0,8678.377307692308,1.882352941065744,1.0,1
2024-01-21,Greed,Greed,266.58114600000005,265.79862299999996,5,3,2,104.060782,-22.800600000000003,626.02,0.6,11,1,4,7,103129.74,0.5714285713469388,-719.2691220000002,2,-146.57487000000003,-385.385235,-154.34230499999993,0.46875,106.0,15789.338749999999,1.4090909090588843,1.0,1
2024-01-22,Greed,Greed,1375.640959,1344.659987,41,23,18,81.32505582608695,-27.49085138888889,3232.764390243902,0.5609756097560976,85,2,50,35,337878.99,1.4285714285306124,0.0,2,266.58114600000005,-146.57487000000003,-88.4596529999999,0.6,11.0,626.02,0.5714285713469388,2.0,0
2024-01-23,Neutral,Neutral,-369.2447299999998,-419.7373979999998,20,11,9,271.91292590909103,-373.3652127777778,10098.5345,0.55,45,1,27,18,414518.93000000005,1.4999999999166667,-1764.3973849999998,1,1375.640959,266.58114600000005,498.54907833333345,0.5609756097560976,85.0,3232.764390243902,1.4285714285306124,2.0,0
2024-01-24,Neutral,Neutral,-2808.353815,-2949.007004,40,10,30,49.0365895,-109.9573236666667,14065.320749999999,0.25,68,1,41,27,965084.59,1.5185185184622771,-4293.666991,1,-369.2447299999998,1375.640959,424.3257916666668,0.55,45.0,10098.5345,1.4999999999166667,1.0,0
2024-01-25,Neutral,Neutral,-3093.6293849999997,-3110.270917,6,0,6,0.0,-515.6048975,11094.355000000001,0.0,6,1,6,0,66566.13,6000000000.0,-4454.930904,1,-2808.353815,-369.2447299999998,-600.6525286666665,0.25,68.0,14065.320749999999,1.5185185184622771,1.0,1
2024-01-26,Neutral,Neutral,90.2,90.29346,1,1,0,90.2,0.0,4673.0,1.0,5,2,5,0,11773.21,5000000000.0,-1254.366527,1,-3093.6293849999997,-2808.353815,-2090.4093099999996,0.0,6.0,11094.355000000001,6000000000.0,1.0,0
2024-01-28,Neutral,Neutral,-2478.06972,-2477.707544,11,0,11,0.0,-225.27906545454545,1646.2754545454545,0.0,11,1,11,0,18109.03,11000000000.0,-3822.367531,1,90.2,-3093.6293849999997,-1937.2610666666662,1.0,5.0,4673.0,5000000000.0,1.0,1
2024-01-29,Greed,Greed,486.562542,434.83955699999996,45,45,0,10.812500933333332,0.0,4598.5199999999995,1.0,74,2,46,28,414208.18,1.6428571427984693,-909.82043,2,-2478.06972,90.2,-1827.1663683333334,0.0,11.0,1646.2754545454545,11000000000.0,1.0,0
2024-01-30,Greed,Greed,-173.65419100000003,-223.90291200000001,19,5,14,80.52694819999999,-41.16349514285714,10578.681052631578,0.2631578947368421,49,1,19,30,401011.38,0.6333333333122222,-1568.562899,2,486.562542,-2478.06972,-633.7690593333333,1.0,74.0,4598.5199999999995,1.6428571427984693,2.0,0
2024-01-31,Greed,Greed,-756.419851,-1537.525095,437,230,204,4.941132939130434,-9.278825622549018,7149.706201372997,0.5263157894736842,859,1,408,453,6305647.13,0.9006622516536409,-2882.185082,2,-173.65419100000003,486.562542,-721.7204563333335,0.2631578947368421,49.0,10578.681052631578,0.6333333333122222,2.0,1
2024-02-02,Greed,Greed,456.423473,396.84095599999995,21,13,8,45.51112607692307,-16.902645749999998,11349.052857142857,0.6190476190476191,42,1,28,14,474278.43,1.999999999857143,-947.819031,2,-756.419851,-173.65419100000003,-147.83716666666677,0.5263157894736842,859.0,7149.706201372997,0.9006622516536409,2.0,1
2024-02-03,Greed,Greed,223.30918699999998,173.089242,12,6,6,92.32762666666666,-55.10942883333333,16739.984166666665,0.5,56,1,18,38,603820.0,0.47368421051385046,-1171.570745,2,456.423473,-756.419851,-157.8835230000001,0.6190476190476191,42.0,11349.052857142857,1.999999999857143,2.0,1
2024-02-04,Greed,Greed,47.62389499999999,-2.922981000000024,28,9,19,34.73169633333333,-13.945335368421055,7220.983928571428,0.32142857142857145,35,1,23,12,203187.53,1.9166666665069445,-1347.582968,2,223.30918699999998,456.423473,-25.5623970000001,0.5,56.0,16739.984166666665,0.47368421051385046,2.0,0
2024-02-05,Greed,Greed,-33.45419400000003,-129.7523570000001,32,14,18,45.99633757142857,-37.63349555555556,12037.2728125,0.4375,72,1,47,25,770198.26,1.8799999999248,-1474.412344,2,47.62389499999999,223.30918699999998,242.45218499999987,0.32142857142857145,35.0,7220.983928571428,1.9166666665069445,2.0,0
2024-02-06,Greed,Greed,-322.52129,-763.179443,509,168,339,10.114970755952381,-5.9641191061946905,7510.168605108055,0.3300589390962672,1088,1,541,564,8047153.41,0.9592198581543276,-2107.83943,2,-33.45419400000003,47.62389499999999,79.15962933333321,0.4375,72.0,12037.2728125,1.8799999999248,2.0,1
2024-02-07,Greed,Greed,241.24212,240.802434,2,2,0,120.62106,0.0,879.375,1.0,15,1,5,10,6758.73,0.49999999995,-1103.857553,2,-322.52129,-33.45419400000003,-102.78386300000011,0.3300589390962672,1088.0,7510.168605108055,0.9592198581543276,2.0,1
2024-02-08,Greed,Greed,770.756024,767.4931449999999,4,4,0,192.68900599999998,0.0,3262.88,1.0,10,1,4,6,26051.12,0.6666666665555555,-577.1668420000001,2,241.24212,-322.52129,-38.244454666666776,1.0,15.0,879.375,0.49999999995,2.0,1
2024-02-11,Greed,Greed,983.443176,980.667916,7,7,0,140.4918822857143,0.0,1585.8642857142859,1.0,34,1,22,12,212311.82,1.8333333331805555,-363.992071,2,770.756024,241.24212,229.82561799999993,1.0,10.0,3262.88,0.6666666665555555,2.0,1
2024-02-12,Greed,Greed,913.8817869999998,886.5698779999998,15,6,9,739.402526,-391.39259655555566,14483.186666666666,0.4,16,1,4,12,227247.69999999998,0.33333333330555553,-458.0901090000002,2,983.443176,770.756024,665.1471066666667,1.0,34.0,1585.8642857142859,1.8333333331805555,2.0,1
2024-02-13,Extreme Greed,Greed,559.44389,559.483882,14,14,0,39.960277857142856,0.0,142.85642857142858,1.0,14,1,14,0,1999.99,14000000000.0,-785.176105,2,913.8817869999998,983.443176,889.360329,0.4,16.0,14483.186666666666,0.33333333330555553,2.0,1
2024-02-14,Greed,Greed,3830.599833,3817.148505,84,83,1,46.151947385542165,-0.0118,1336.4280952380952,0.9880952380952381,111,2,74,37,320839.88,1.9999999999459461,0.0,2,559.44389,913.8817869999998,818.9229509999999,1.0,14.0,142.85642857142858,14000000000.0,2.0,1
2024-02-15,Greed,Greed,1840.797677,1809.316755,60,57,3,75.58413221052632,-822.4992863333333,2440.9453333333336,0.95,63,2,8,55,185188.04,0.14545454545190084,-2007.83175,2,3830.599833,559.44389,1767.97517,0.9880952380952381,111.0,1336.4280952380952,1.9999999999459461,2.0,1
2024-02-16,Greed,Greed,5491.768834,5484.867118,146,146,0,37.61485502739726,0.0,1582.4183561643836,1.0,182,2,61,121,564896.51,0.5041322314007923,0.0,2,1840.797677,3830.599833,2076.947133333333,0.95,63.0,2440.9453333333336,0.14545454545190084,2.0,1
2024-02-17,Extreme Greed,Greed,1929.6418,1878.04575,65,61,4,36.36595545901639,-72.17037074999999,3908.385076923077,0.9384615384615385,94,2,69,25,406118.07,2.7599999998896,-3606.821368,2,5491.768834,1840.797677,3721.0554480000005,1.0,182.0,1582.4183561643836,0.5041322314007923,2.0,1
2024-02-18,Greed,Greed,477.6248299999999,479.1906479999999,68,61,7,32.29548901639344,-213.20000000000002,1151.3538235294118,0.8970588235294118,97,1,82,15,157048.17,5.466666666302222,-5005.67647,2,1929.6418,5491.768834,3087.4027703333336,0.9384615384615385,94.0,3908.385076923077,2.7599999998896,2.0,1
2024-02-19,Extreme Greed,Greed,4225.268363,4214.324019,78,76,2,55.7059545131579,-4.19209,1845.2693589743592,0.9743589743589743,101,2,57,45,286377.2,1.2666666666385187,-1270.5430990000004,2,477.6248299999999,1929.6418,2633.011821333333,0.8970588235294118,97.0,1151.3538235294118,5.466666666302222,2.0,1
2024-02-20,Greed,Greed,3263.628824,3259.400757,32,31,1,105.27881658064517,-0.01449,1923.695625,0.96875,39,2,29,10,119419.72,2.89999999971,-2225.4663610000002,2,4225.268363,477.6248299999999,2210.8449976666666,0.9743589743589743,101.0,1845.2693589743592,1.2666666666385187,2.0,1
2024-02-21,Extreme Greed,Greed,1858.7985700000002,1857.367511,15,15,0,123.91990466666667,0.0,3330.023333333333,1.0,22,2,22,0,108047.51999999999,22000000000.0,-3627.499607,2,3263.628824,4225.268363,2655.507339,0.96875,39.0,1923.695625,2.89999999971,2.0,1
2024-02-22,Greed,Greed,2287.22275,2282.439137,52,38,14,102.60586084210526,-115.12856871428572,3170.6871153846155,0.7307692307692307,88,2,88,2,373033.87,43.999999978,-3202.4279810000003,2,1858.7985700000002,3263.628824,3115.8985856666663,1.0,22.0,3330.023333333333,22000000000.0,2.0,1
2024-02-23,Extreme Greed,Greed,1418.55293,1419.502949,138,137,1,10.35442700729927,-0.00357,399.3657246376812,0.9927536231884058,143,1,11,132,111106.14,0.08333333333270203,-4065.3641690000004,2,2287.22275,1858.7985700000002,2469.883381333333,0.7307692307692307,88.0,3170.6871153846155,43.999999978,2.0,0
2024-02-25,Greed,Greed,-30.7705,-30.725392,2,0,2,0.0,-15.38525,1127.7250000000001,0.0,5,1,0,5,4480.13,0.0,-5515.59251,2,1418.55293,2287.22275,1854.8580833333333,0.9927536231884058,143.0,399.3657246376812,0.08333333333270203,2.0,1
2024-02-26,Greed,Greed,4416.8473,4414.983883,34,34,0,129.90727352941178,0.0,2768.528529411765,1.0,39,2,9,30,192187.14,0.29999999999,-1069.8832350000002,2,-30.7705,1418.55293,1225.0017266666664,0.0,5.0,1127.7250000000001,0.0,2.0,1
2024-02-27,Extreme Greed,Greed,888.511733,890.1906630000001,50,26,16,76.01548165384617,-67.993174375,2104.5612,0.52,63,2,23,40,209362.3,0.574999999985625,-4594.676455,2,4416.8473,-30.7705,1934.8765766666666,1.0,39.0,2768.528529411765,0.29999999999,2.0,1
2024-02-28,Extreme Greed,Greed,2503.747235,2503.412185,39,39,0,64.19864705128205,0.0,2192.2302564102565,1.0,45,1,12,33,171107.13,0.3636363636253444,-2981.454933,2,888.511733,4416.8473,1758.1961776666667,0.52,63.0,2104.5612,0.574999999985625,2.0,1
2024-02-29,Extreme Greed,Greed,9022.179172,9018.756178,99,99,0,91.13312294949495,0.0,1931.5265656565657,1.0,116,2,46,71,395666.73,0.6478873239345367,0.0,2,2503.747235,888.511733,2603.0354226666664,1.0,45.0,2192.2302564102565,0.3636363636253444,2.0,1
2024-03-01,Extreme Greed,Greed,8244.241409,8240.111452,128,128,0,64.4081360078125,0.0,1868.2340625,1.0,137,1,107,30,472974.7,3.566666666547778,-778.6447260000004,2,9022.179172,2503.747235,4138.146046666666,1.0,116.0,1931.5265656565657,0.6478873239345367,2.0,1
2024-03-02,Extreme Greed,Greed,230.90060000000005,230.7510459999998,28,21,7,79.74834128571428,-206.25922385714284,1152.2639285714286,0.75,31,2,2,29,63197.56,0.06896551723900118,-8788.005132,2,8244.241409,9022.179172,6590.055938666667,1.0,137.0,1868.2340625,3.566666666547778,2.0,1
2024-03-03,Extreme Greed,Greed,8361.086245,8359.703019999999,54,54,0,154.83493046296297,0.0,3633.865370370371,1.0,79,1,60,19,390745.68,3.1578947366759005,-659.0531580000006,2,230.90060000000005,8244.241409,5832.440393666665,0.75,31.0,1152.2639285714286,0.06896551723900118,2.0,1
2024-03-04,Extreme Greed,Greed,27799.775742,27784.524718,270,266,4,104.5106050075188,-0.0112975,2911.8819259259258,0.9851851851851852,300,2,149,151,1577996.87,0.9867549668808825,0.0,2,8361.086245,230.90060000000005,5612.076084666667,1.0,79.0,3633.865370370371,3.1578947366759005,2.0,1
2024-03-05,Extreme Greed,Greed,19791.026041,19787.183068,163,163,0,121.4173376748466,0.0,2624.1631288343556,1.0,180,1,132,48,841810.32,2.7499999999427085,-7997.341650000002,2,27799.775742,8361.086245,12130.587528999999,0.9851851851851852,300.0,2911.8819259259258,0.9867549668808825,2.0,1
2024-03-06,Extreme Greed,Greed,6814.825139,6814.920884,72,72,0,94.65034915277778,0.0,2281.0998611111113,1.0,82,1,29,53,327218.02,0.5471698113104307,-20969.603834,2,19791.026041,27799.775742,18650.629342666667,1.0,180.0,2624.1631288343556,2.7499999999427085,2.0,1
2024-03-08,Extreme Greed,Greed,4271.886236,4273.750071,59,59,0,72.40485145762712,0.0,1579.5469491525425,1.0,67,1,48,19,183583.18,2.52631578934072,-23510.774647,2,6814.825139,19791.026041,18135.208973999997,1.0,82.0,2281.0998611111113,0.5471698113104307,2.0,1
2024-03-09,Extreme Greed,Greed,9949.501624,9940.998673,107,97,10,104.5092827216495,-18.78988,3043.1693457943925,0.9065420560747663,117,1,26,91,658178.75,0.285714285711146,-17843.526045,2,4271.886236,6814.825139,10292.579138666664,1.0,67.0,1579.5469491525425,2.52631578934072,2.0,1
2024-03-10,Extreme Greed,Greed,2482.9272,2478.421563,38,29,9,112.74026896551723,-87.3934,2861.7223684210526,0.7631578947368421,42,1,0,42,219973.85,0.0,-25306.103155,2,9949.501624,4271.886236,7012.070999666664,0.9065420560747663,117.0,3043.1693457943925,0.285714285711146,2.0,1
2024-03-11,Extreme Greed,Greed,3588.179495,3583.9539350000005,39,39,0,92.00460243589743,0.0,2257.265384615385,1.0,42,1,29,13,176519.44999999998,2.230769230597633,-24200.570783,2,2482.9272,9949.501624,5568.105019999998,0.7631578947368421,42.0,2861.7223684210526,0.0,2.0,1
2024-03-12,Extreme Greed,Greed,3039.166,3036.620086,7,7,0,434.1665714285714,0.0,7577.144285714285,1.0,8,1,8,0,103040.85,7999999999.999999,-24747.904632,2,3588.179495,2482.9272,5340.202772999998,1.0,42.0,2257.265384615385,2.230769230597633,2.0,1
2024-03-14,Extreme Greed,Greed,3465.865832,3458.8642379999997,16,16,0,216.61661450000003,0.0,6731.24125,1.0,18,2,18,0,205933.18,18000000000.0,-24325.660480000002,2,3039.166,3588.179495,3036.7575649999976,1.0,8.0,7577.144285714285,7999999999.999999,2.0,1
2024-03-15,Extreme Greed,Greed,6236.513651,6213.4532580000005,41,41,0,152.11008904878048,0.0,4132.180487804878,1.0,62,3,39,23,351894.41,1.6956521738393195,-21571.07146,2,3465.865832,3039.166,3364.4037756666644,1.0,18.0,6731.24125,18000000000.0,2.0,1
2024-03-16,Extreme Greed,Greed,228.57984,226.401693,1,1,0,228.57984,0.0,6223.28,1.0,8,2,6,2,37223.66,2.9999999985,-27558.123025,2,6236.513651,3465.865832,4247.1818276666645,1.0,62.0,4132.180487804878,1.6956521738393195,2.0,1
2024-03-17,Extreme Greed,Greed,503.293955,483.88307399999997,10,10,0,50.3293955,0.0,5668.036,1.0,23,3,16,7,99506.95,2.2857142853877552,-27300.641644,2,228.57984,6236.513651,3310.319774333331,1.0,8.0,6223.28,2.9999999985,2.0,1
2024-03-18,Extreme Greed,Greed,1456.9577,1446.3149349999999,6,6,0,242.82628333333332,0.0,5242.941666666667,1.0,19,3,19,0,90458.08,19000000000.0,-26338.209783000002,2,503.293955,228.57984,2322.795815333331,1.0,23.0,5668.036,2.2857142853877552,2.0,1
2024-03-19,Extreme Greed,Greed,668.797973,656.711288,7,5,2,168.5598986,-87.00076,14271.522857142856,0.7142857142857143,24,3,14,10,219884.84,1.39999999986,-27127.813430000002,2,1456.9577,503.293955,729.6104983333308,1.0,19.0,5242.941666666667,19000000000.0,2.0,1
2024-03-20,Greed,Greed,6423.134599,6397.943599,60,60,0,107.05224331666665,0.0,1932.5910000000001,1.0,69,2,45,24,215705.85,1.874999999921875,-21386.581119000002,2,668.797973,1456.9577,876.3498759999975,0.7142857142857143,24.0,14271.522857142856,1.39999999986,2.0,1
2024-03-21,Extreme Greed,Greed,2335.5080749999997,2329.0749,23,23,0,101.54382934782608,0.0,2310.7069565217394,1.0,28,3,5,23,117895.57,0.21739130433837428,-25455.449818,2,6423.134599,668.797973,2849.6300906666643,1.0,69.0,1932.5910000000001,1.874999999921875,2.0,1
2024-03-24,Greed,Greed,1297.018477,1292.636322,15,15,0,86.46789846666665,0.0,3043.171333333333,1.0,19,1,0,19,92592.20999999999,0.0,-26491.888396000002,2,2335.5080749999997,6423.134599,3142.480215666664,1.0,28.0,2310.7069565217394,0.21739130433837428,2.0,1
2024-03-25,Extreme Greed,Greed,1302.916428,1283.975664,6,6,0,217.152738,0.0,9019.411666666667,1.0,7,1,6,1,57116.32,5.9999999939999995,-26500.549054,2,1297.018477,2335.5080749999997,3351.8870503333305,1.0,19.0,3043.171333333333,0.0,2.0,1
2024-03-26,Extreme Greed,Greed,3215.906593,3202.2877989999997,110,110,0,29.235514481818175,0.0,862.4282727272728,1.0,118,2,116,2,198565.19,57.999999971,-24582.236919000003,2,1302.916428,1297.018477,1645.1476599999976,1.0,7.0,9019.411666666667,5.9999999939999995,2.0,1
2024-03-27,Extreme Greed,Greed,150.41114,137.16864099999998,19,12,7,15.766,-5.540122857142857,2235.305789473684,0.631578947368421,38,2,24,14,99864.79,1.7142857141632653,-27647.356077,2,3215.906593,1302.916428,1938.6138326666642,1.0,118.0,862.4282727272728,57.999999971,2.0,1
2024-03-28,Extreme Greed,Greed,227.85100799999998,226.54244699999998,9,9,0,25.316778666666664,0.0,837.8866666666667,1.0,13,2,3,10,35323.72,0.29999999997,-27557.982271,2,150.41114,3215.906593,1556.4113869999976,0.631578947368421,38.0,2235.305789473684,1.7142857141632653,2.0,1
2024-03-29,Extreme Greed,Greed,883.097404,864.227888,6,6,0,147.18290066666665,0.0,8985.483333333334,1.0,15,1,15,0,86914.37,15000000000.0,-26920.29683,2,227.85100799999998,150.41114,1198.0562469999975,1.0,13.0,837.8866666666667,0.29999999997,2.0,1
2024-03-30,Extreme Greed,Greed,1100.57514,1095.435845,44,44,0,25.013071363636367,0.0,1161.415,1.0,45,1,45,0,101103.92,45000000000.0,-26689.088873,2,883.097404,227.85100799999998,420.4531839999975,1.0,15.0,8985.483333333334,15000000000.0,2.0,1
2024-03-31,Extreme Greed,Greed,912.786145,901.966189,10,10,0,91.27861449999999,0.0,3091.419,1.0,13,1,10,3,39912.96,3.3333333322222223,-26882.558529,2,1100.57514,883.097404,737.1745173333308,1.0,45.0,1161.415,45000000000.0,2.0,1
2024-04-01,Extreme Greed,Greed,2466.114786,2445.843604,42,41,1,61.12207990243903,-39.89049,2001.9514285714288,0.9761904761904762,77,2,69,9,339470.47,7.666666665814815,-25338.681114,2,912.786145,1100.57514,965.4862296666643,1.0,13.0,3091.419,3.3333333322222223,2.0,1
2024-04-02,Extreme Greed,Greed,883.760812,836.624878,12,12,0,73.64673433333333,0.0,11222.843333333332,1.0,41,2,16,25,239664.50999999998,0.6399999999744,-26947.899840000002,2,2466.114786,912.786145,1493.158690333331,0.9761904761904762,77.0,2001.9514285714288,7.666666665814815,2.0,1
2024-04-03,Greed,Greed,126.7884,126.451696,1,1,0,126.7884,0.0,3507.35,1.0,4,2,4,0,16887.57,3999999999.9999995,-27658.073022,2,883.760812,2466.114786,1420.8872476666645,1.0,41.0,11222.843333333332,0.6399999999744,2.0,1
2024-04-05,Extreme Greed,Greed,10706.484306,10623.75334,90,90,0,118.96093673333331,0.0,3731.0509999999995,1.0,100,3,93,7,503791.8,13.285714283816326,-17160.771378,2,126.7884,883.760812,1158.887999333331,1.0,4.0,3507.35,3999999999.9999995,2.0,1
2024-04-06,Extreme Greed,Greed,236.33513399999998,229.953195,4,4,0,59.083783499999996,0.0,4558.530000000001,1.0,16,1,4,12,68223.67,0.33333333330555553,-27554.571523000002,2,10706.484306,126.7884,3905.677839333331,1.0,100.0,3731.0509999999995,13.285714283816326,2.0,1
2024-04-08,Extreme Greed,Greed,1218.4267,1216.14402,1,1,0,1218.4267,0.0,23777.92,1.0,30,2,0,30,211940.64,0.0,-26568.380698,2,236.33513399999998,10706.484306,3689.8692799999976,1.0,16.0,4558.530000000001,0.33333333330555553,2.0,1
2024-04-10,Extreme Greed,Greed,5207.443414,5092.73526,36,36,0,144.65120594444448,0.0,9103.823611111111,1.0,41,1,6,35,351735.97,0.1714285714236735,-22691.789458,2,1218.4267,236.33513399999998,4053.7487133333307,1.0,30.0,23777.92,0.0,2.0,1
2024-04-11,Extreme Greed,Greed,389.743164,381.20539,2,2,0,194.871582,0.0,12196.82,1.0,16,1,16,0,76400.96,15999999999.999998,-27403.319328,2,5207.443414,1218.4267,2220.7350826666643,1.0,41.0,9103.823611111111,0.1714285714236735,2.0,0
2024-04-12,Extreme Greed,Greed,-592.6458390000001,-625.277079,101,71,30,43.94863484507042,-123.76663043333335,1607.6479207920793,0.7029702970297029,129,3,114,15,442088.59,7.599999999493333,-28409.801797,2,389.743164,5207.443414,2271.8710926666645,1.0,16.0,12196.82,15999999999.999998,2.0,1
2024-04-13,Greed,Greed,6621.451755,6583.532200000001,61,61,0,108.54838942622949,0.0,2705.9149180327868,1.0,89,2,63,26,486411.25,2.4230769229837277,-21200.992518,2,-592.6458390000001,389.743164,1668.1802463333308,0.7029702970297029,129.0,1607.6479207920793,7.599999999493333,2.0,0
2024-04-14,Greed,Greed,-36104.012520000004,-36224.716337000005,74,33,41,39.957413515151515,-912.7465162439025,4979.908378378378,0.44594594594594594,107,2,80,27,659162.17,2.9629629628532235,-64009.241055000006,2,6621.451755,-592.6458390000001,2139.5163599999973,1.0,89.0,2705.9149180327868,2.4230769229837277,2.0,1
2024-04-15,Greed,Greed,3774.08872,3762.462967,35,35,0,107.83110628571428,0.0,3459.928857142857,1.0,41,2,27,14,291111.19,1.9285714284336735,-24022.061751,2,-36104.012520000004,6621.451755,-10025.068868000004,0.44594594594594594,107.0,4979.908378378378,2.9629629628532235,2.0,1
2024-04-16,Greed,Greed,2467.702221,2458.47872,43,43,0,57.38842374418605,0.0,2096.173953488372,1.0,47,2,14,31,181907.17,0.4516129032112383,-25326.045998,2,3774.08872,-36104.012520000004,-8569.490681666672,1.0,41.0,3459.928857142857,1.9285714284336735,2.0,1
2024-04-17,Greed,Greed,2441.4683999999997,2435.6476500000003,13,13,0,187.8052615384615,0.0,3658.5207692307695,1.0,14,1,0,14,97562.99,0.0,-25348.877068,2,2467.702221,3774.08872,-9954.07385966667,1.0,47.0,2096.173953488372,0.4516129032112383,2.0,1
2024-04-19,Greed,Greed,1946.4454620000001,1841.0061930000002,27,27,0,72.09057266666667,0.0,11157.595185185186,1.0,35,1,32,3,337257.92000000004,10.66666666311111,-25943.518525,2,2441.4683999999997,2467.702221,2894.4197803333313,1.0,14.0,3658.5207692307695,0.0,2.0,1
2024-04-23,Greed,Greed,1055.780526,1010.514382,34,34,0,31.052368411764707,0.0,4011.6829411764706,1.0,66,2,37,30,233054.9,1.2333333332922223,-26774.010336,2,1946.4454620000001,2441.4683999999997,2285.205360999998,1.0,35.0,11157.595185185186,10.66666666311111,2.0,1
2024-04-24,Greed,Greed,279.185907,262.28954400000003,7,6,1,48.82663999999999,-13.773933,6896.475714285714,0.8571428571428571,20,1,20,0,141275.24,20000000000.0,-27522.235174,2,1055.780526,1946.4454620000001,1814.5647959999976,1.0,66.0,4011.6829411764706,1.2333333332922223,2.0,1
2024-04-27,Greed,Greed,4281.488139,4233.796515,19,19,0,225.34148100000002,0.0,7171.674210526316,1.0,27,1,19,8,154264.47,2.374999999703125,-23550.728203,2,279.185907,1055.780526,1093.8039649999976,0.8571428571428571,20.0,6896.475714285714,20000000000.0,2.0,1
2024-04-29,Greed,Greed,526.9338359999999,506.11886499999997,17,17,0,30.996108000000003,0.0,3498.3164705882355,1.0,45,2,7,24,108699.01,0.2916666666545139,-27278.405853,2,4281.488139,279.185907,1872.1515239999978,1.0,27.0,7171.674210526316,2.374999999703125,2.0,1
2024-05-03,Neutral,Neutral,5306.017045,5219.379262,19,17,2,312.9341485294118,-6.93174,13028.601052631579,0.8947368421052632,36,3,18,12,282682.64999999997,1.499999999875,-22565.145456,1,526.9338359999999,4281.488139,1695.8692939999974,1.0,45.0,3498.3164705882355,0.2916666666545139,2.0,1
2024-05-05,Greed,Greed,0.916,0.902328,1,1,0,0.916,0.0,40.69,1.0,6,2,0,6,24068.350000000002,0.0,-27783.62239,2,5306.017045,526.9338359999999,3371.479673333331,0.8947368421052632,36.0,13028.601052631579,1.499999999875,1.0,1
2024-05-06,Greed,Greed,968.59038,921.6839620000001,4,4,0,242.147595,0.0,33504.585,1.0,9,1,4,5,206016.43,0.79999999984,-26862.840756,2,0.916,5306.017045,1944.6222936666643,1.0,6.0,40.69,0.0,2.0,1
2024-05-07,Greed,Greed,883.537693,859.852203,9,9,0,98.17085477777776,0.0,7519.203333333334,1.0,18,3,5,8,108717.58,0.624999999921875,-26924.672515000002,2,968.59038,0.916,2091.841141666664,1.0,9.0,33504.585,0.79999999984,2.0,1
2024-05-08,Greed,Greed,1.56576,1.5356790000000005,2,1,1,4.7394,-3.17364,44.765,0.5,13,2,12,1,65973.57,11.999999987999999,-27782.989039,2,883.537693,968.59038,617.6813576666642,1.0,18.0,7519.203333333334,0.624999999921875,2.0,1
2024-05-09,Greed,Greed,1147.595856,1100.001534,11,11,0,104.32689599999999,0.0,12362.162727272727,1.0,28,2,20,5,221966.12,3.9999999992,-26684.523184,2,1.56576,883.537693,617.8979443333309,0.5,13.0,44.765,11.999999987999999,2.0,1
2024-05-10,Greed,Greed,2101.741695,2080.42884,6,6,0,350.29028249999993,0.0,10148.978333333333,1.0,22,1,10,12,156882.0,0.8333333332638889,-25704.095878,2,1147.595856,1.56576,677.5664363333309,1.0,28.0,12362.162727272727,3.9999999992,2.0,1
2024-05-11,Neutral,Neutral,251.604742,229.46761700000002,9,9,0,27.956082444444444,0.0,7027.661111111111,1.0,9,1,9,0,63248.95,9000000000.0,-27555.057101000002,1,2101.741695,1147.595856,1083.6344369999977,1.0,22.0,10148.978333333333,0.8333333332638889,2.0,1
2024-05-13,Greed,Greed,2136.853859,2106.702628,10,10,0,213.68538590000003,0.0,8614.639,1.0,28,2,15,10,193118.9,1.49999999985,-25677.82209,2,251.604742,2101.741695,1166.9807643333309,1.0,9.0,7027.661111111111,9000000000.0,1.0,1
2024-05-14,Greed,Greed,1150.5233050000002,1128.878526,4,4,0,287.63082625000004,0.0,15460.5575,1.0,23,1,19,4,145853.4,4.7499999988125,-26655.646192,2,2136.853859,251.604742,1496.7334319999975,1.0,28.0,8614.639,1.49999999985,2.0,1
2024-05-15,Greed,Greed,948.970582,898.249834,17,17,0,55.82179894117647,0.0,8524.49705882353,1.0,36,1,24,12,234922.57,1.9999999998333333,-26886.274884000002,2,1150.5233050000002,2136.853859,1179.660635333331,1.0,23.0,15460.5575,4.7499999988125,2.0,1
2024-05-16,Greed,Greed,214.5898,192.615701,5,5,0,42.91796000000001,0.0,12556.628,1.0,27,2,9,15,162620.96,0.59999999996,-27591.909017,2,948.970582,1150.5233050000002,1412.115915333331,1.0,36.0,8524.49705882353,1.9999999998333333,2.0,1
2024-05-18,Greed,Greed,3522.3946610000003,3488.6878930000003,16,16,0,220.14966631250002,0.0,6019.06625,1.0,25,1,9,16,126303.14,0.5624999999648438,-24295.836825,2,214.5898,948.970582,771.3612289999977,1.0,27.0,12556.628,0.59999999996,2.0,0
2024-05-20,Greed,Greed,-74.818442,-76.61091400000001,3,0,3,0.0,-24.939480666666668,1707.1166666666668,0.0,10,2,10,0,38124.75,10000000000.0,-27861.135632,2,3522.3946610000003,214.5898,1561.9850143333308,1.0,25.0,6019.06625,0.5624999999648438,2.0,1
2024-05-21,Extreme Greed,Greed,7289.397571999999,7155.681589999999,25,14,11,558.3546642857144,-47.960702545454545,15281.828000000001,0.56,125,2,32,93,1100948.59,0.3440860215016765,-20628.843128,2,-74.818442,3522.3946610000003,1220.722006333331,0.0,10.0,1707.1166666666668,10000000000.0,2.0,1
2024-05-23,Extreme Greed,Greed,411.918354,374.745551,155,144,11,3.5418359652777776,-8.918729545454546,1151.0834193548387,0.9290322580645162,325,3,90,236,401850.6,0.38135593220177394,-27409.779167,2,7289.397571999999,-74.818442,3578.9912636666636,0.56,125.0,15281.828000000001,0.3440860215016765,2.0,1
2024-05-24,Greed,Greed,821.949278,804.165113,2,2,0,410.974639,0.0,25405.949999999997,1.0,2,1,2,0,50811.899999999994,1999999999.9999998,-26980.359605,2,411.918354,7289.397571999999,2542.1658279999974,0.9290322580645162,325.0,1151.0834193548387,0.38135593220177394,2.0,1
2024-05-25,Extreme Greed,Greed,14.126038999999999,13.506321999999999,5,5,0,2.8252077999999994,0.0,496.98199999999997,1.0,16,2,2,14,29991.129999999997,0.14285714284693876,-27771.018396,2,821.949278,411.918354,2841.0884013333307,1.0,2.0,25405.949999999997,1999999999.9999998,2.0,1
2024-05-26,Extreme Greed,Greed,778.6839,769.611197,4,4,0,194.670975,0.0,6568.8175,1.0,16,2,2,14,53976.67,0.14285714284693876,-27014.913521000002,2,14.126038999999999,821.949278,415.997890333331,1.0,16.0,496.98199999999997,0.14285714284693876,2.0,1
2024-05-27,Greed,Greed,1129.35587,1109.778044,93,90,3,12.598298288888888,-1.4969919999999999,818.3038709677419,0.967741935483871,251,1,0,251,151115.72,0.0,-26674.746674,2,778.6839,14.126038999999999,538.2530723333309,1.0,16.0,6568.8175,0.14285714284693876,2.0,1
2024-05-29,Greed,Greed,277.791953,269.772058,71,68,3,4.098599308823529,-0.3042666666666667,370.9533802816901,0.9577464788732394,164,2,15,144,84268.76,0.10416666666594329,-27514.752660000002,2,1129.35587,778.6839,640.721936333331,0.967741935483871,251.0,818.3038709677419,0.0,2.0,1
2024-05-30,Greed,Greed,20.951433,20.327274000000003,5,5,0,4.1902866,0.0,356.664,1.0,7,1,0,7,2838.09,0.0,-27764.197444,2,277.791953,1129.35587,728.610574333331,0.9577464788732394,164.0,370.9533802816901,0.10416666666594329,2.0,1
2024-05-31,Greed,Greed,25.35812,24.72624,4,4,0,6.33953,0.0,451.34499999999997,1.0,13,1,0,13,3636.14,0.0,-27759.798478,2,20.951433,277.791953,476.0330853333309,1.0,7.0,356.664,0.0,2.0,1
2024-06-01,Greed,Greed,91.510419,89.280387,9,9,0,10.167824333333332,0.0,707.9477777777779,1.0,25,1,0,25,12834.62,0.0,-27695.244331,2,25.35812,20.951433,108.0338353333309,1.0,13.0,451.34499999999997,0.0,2.0,1
2024-06-02,Greed,Greed,192.906947,190.437093,34,34,0,5.6737337352941175,0.0,314.79617647058825,1.0,93,1,0,93,29464.51,0.0,-27594.087625,2,91.510419,25.35812,45.939990666664244,1.0,25.0,707.9477777777779,0.0,2.0,1
2024-06-03,Greed,Greed,562.808208,558.998867,44,44,0,12.791095636363634,0.0,326.9259090909091,1.0,70,1,0,70,21466.86,0.0,-27225.525851000002,2,192.906947,91.510419,103.25849533333091,1.0,93.0,314.79617647058825,0.0,2.0,1
2024-06-04,Greed,Greed,52.211438,49.030207,25,25,0,2.08845752,0.0,483.8248,1.0,53,1,0,53,24243.41,0.0,-27735.494511,2,562.808208,192.906947,282.4085246666643,1.0,70.0,326.9259090909091,0.0,2.0,1
2024-06-05,Extreme Greed,Greed,56.055506,53.009916000000004,17,16,1,3.503904125,-0.00696,743.9611764705883,0.9411764705882353,54,1,0,54,25350.77,0.0,-27731.514802,2,52.211438,562.808208,269.308864333331,1.0,53.0,483.8248,0.0,2.0,1
2024-06-06,Extreme Greed,Greed,274.173187,260.825704,102,100,2,2.7452563899999998,-0.176226,672.9640196078432,0.9803921568627451,234,1,2,232,137557.76,0.008620689655135256,-27523.699014,2,56.055506,52.211438,223.6917173333309,0.9411764705882353,54.0,743.9611764705883,0.0,2.0,1
2024-06-07,Extreme Greed,Greed,8902.467416,8658.201062,178,176,2,50.584341113636356,-0.18831,4090.2261235955057,0.9887640449438202,440,3,119,307,1098588.76,0.38762214983587095,-19126.323656,2,274.173187,56.055506,127.48004366666424,0.9803921568627451,234.0,672.9640196078432,0.008620689655135256,2.0,1
2024-06-08,Greed,Greed,129.13883900000002,119.37249800000001,8,8,0,16.142354875000002,0.0,3487.98125,1.0,29,2,29,0,97351.88,29000000000.0,-27665.15222,2,8902.467416,274.173187,3077.5653696666645,0.9887640449438202,440.0,4090.2261235955057,0.38762214983587095,2.0,1
2024-06-10,Greed,Greed,31.266804999999998,28.928872,18,18,0,1.737044722222222,0.0,626.5644444444445,1.0,53,2,4,49,46587.93,0.08163265305955852,-27755.595846,2,129.13883900000002,8902.467416,3101.926480666664,1.0,29.0,3487.98125,29000000000.0,2.0,1
2024-06-11,Greed,Greed,4320.631811,4308.576276,17,17,0,254.1548124117647,0.0,2026.1417647058825,1.0,123,3,54,8,373279.92,6.74999999915625,-23475.948442,2,31.266804999999998,129.13883900000002,3020.9576866666644,1.0,53.0,626.5644444444445,0.08163265305955852,2.0,0
2024-06-12,Greed,Greed,-21886.531493,-21921.777313,78,21,57,2.265953047619048,-384.80906152631576,1370.342435897436,0.2692307692307692,254,2,0,217,193407.96,0.0,-49706.302031,2,4320.631811,31.266804999999998,1493.6791516666644,1.0,123.0,2026.1417647058825,6.74999999915625,2.0,1
2024-06-13,Greed,Greed,6632.757115,6604.740078,20,19,1,349.1663239473684,-1.40304,4002.4595,0.95,79,2,4,17,132577.22,0.235294117633218,-21179.78464,2,-21886.531493,4320.631811,-5844.877625666668,0.2692307692307692,254.0,1370.342435897436,0.0,2.0,1
2024-06-14,Greed,Greed,10258.592609,10253.934652,15,15,0,683.9061739333332,0.0,2791.98,1.0,31,2,16,15,139868.66,1.0666666665955555,-17530.590066,2,6632.757115,-21886.531493,-3644.3808556666686,0.95,79.0,4002.4595,0.235294117633218,2.0,1
2024-06-15,Greed,Greed,3369.958346,3182.575156,38,38,0,88.68311436842106,0.0,14088.962368421051,1.0,78,2,47,31,718350.25,1.5161290322091572,-24601.949562,2,10258.592609,6632.757115,-1665.0605896666693,1.0,31.0,2791.98,1.0666666665955555,2.0,1
2024-06-17,Greed,Greed,10599.502375,10526.228122,26,25,1,428.26752100000004,-107.18565,8052.116923076924,0.9615384615384616,38,2,14,24,368380.12,0.5833333333090278,-17258.296596,2,3369.958346,10258.592609,6753.769356666664,1.0,78.0,14088.962368421051,1.5161290322091572,2.0,1
2024-06-18,Greed,Greed,282.57636,273.721531,4,4,0,70.64409,0.0,6324.8775000000005,1.0,25,2,25,0,263314.79,25000000000.0,-27510.803187,2,10599.502375,3369.958346,8076.017776666663,0.9615384615384616,38.0,8052.116923076924,0.5833333333090278,2.0,1
2024-06-19,Greed,Greed,4887.656944,4758.887763,31,31,0,157.66635303225806,0.0,11868.128064516128,1.0,61,3,34,4,417071.12,8.499999997875,-23025.636955,2,282.57636,10599.502375,4750.679026999996,1.0,25.0,6324.8775000000005,25000000000.0,2.0,1
2024-06-21,Greed,Greed,773.5582039999999,763.329885,3,3,0,257.85273466666666,0.0,9741.256666666666,1.0,80,2,17,15,176264.49,1.1333333332577777,-27021.194833,2,4887.656944,282.57636,5256.578559666664,1.0,61.0,11868.128064516128,8.499999997875,2.0,1
2024-06-22,Neutral,Neutral,756.876565,730.346832,8,8,0,94.609570625,0.0,9474.90625,1.0,24,2,12,0,169594.27000000002,12000000000.0,-27054.177886,1,773.5582039999999,4887.656944,1981.2638359999964,1.0,80.0,9741.256666666666,1.1333333332577777,2.0,1
2024-06-25,Fear,Fear,4869.353105,4850.925693,11,11,0,442.6684640909092,0.0,4786.341818181819,1.0,49,1,0,28,103099.08,0.0,-22933.599025,0,756.876565,773.5582039999999,2139.3639043333296,1.0,24.0,9474.90625,12000000000.0,1.0,1
2024-06-26,Neutral,Neutral,4197.732182,4086.013152,21,21,0,199.89200866666664,0.0,15199.869523809524,1.0,72,2,21,10,365190.66000000003,2.09999999979,-23698.511566,1,4869.353105,756.876565,2133.2626246666628,1.0,49.0,4786.341818181819,0.0,0.0,1
2024-06-29,Fear,Fear,6150.326145,6063.80934,24,24,0,256.263589375,0.0,10299.62125,1.0,75,2,5,23,280095.11,0.21739130433837428,-21720.715378,0,4197.732182,4869.353105,3274.653950666663,1.0,72.0,15199.869523809524,2.09999999979,1.0,1
2024-07-01,Neutral,Neutral,5058.020506,4960.701057,20,20,0,252.90102530000004,0.0,13902.779999999999,1.0,64,2,22,17,362670.14999999997,1.294117646982699,-22823.823661000002,1,6150.326145,4197.732182,5072.47047733333,1.0,75.0,10299.62125,0.21739130433837428,0.0,1
2024-07-02,Neutral,Neutral,2399.053116,2387.6515310000004,8,8,0,299.8816395,0.0,4071.9962499999997,1.0,18,1,0,8,33347.47,0.0,-25396.873187,1,5058.020506,6150.326145,5135.359610999996,1.0,64.0,13902.779999999999,1.294117646982699,1.0,1
2024-07-03,Neutral,Neutral,1118.387284,1108.278271,4,4,0,279.596821,0.0,7220.724999999999,1.0,18,2,7,4,179600.66,1.7499999995625,-26676.246447,1,2399.053116,5058.020506,4535.799922333329,1.0,18.0,4071.9962499999997,0.0,1.0,1
2024-07-10,Fear,Fear,11595.627026,11381.457233,33,33,0,351.38263715151515,0.0,18542.841515151515,1.0,56,2,43,8,687900.21,5.374999999328125,-16403.067485,0,1118.387284,2399.053116,2858.4869686666625,1.0,18.0,7220.724999999999,1.7499999995625,1.0,1
2024-07-11,Fear,Fear,1876.812082,1846.753688,9,9,0,208.53467577777778,0.0,9542.34888888889,1.0,19,1,19,0,169887.02,19000000000.0,-25937.77103,0,11595.627026,1118.387284,5037.689141999996,1.0,56.0,18542.841515151515,5.374999999328125,0.0,1
2024-07-12,Fear,Fear,1412.314654,1407.5629490000001,9,9,0,156.92385044444444,0.0,1508.48,1.0,19,2,10,9,89582.97,1.1111111109876544,-26376.961769,0,1876.812082,11595.627026,4863.60879733333,1.0,19.0,9542.34888888889,19000000000.0,0.0,1
2024-07-13,Fear,Fear,2678.839374,2630.2978789999997,13,13,0,206.0645672307692,0.0,10668.462307692309,1.0,17,2,13,0,139189.19,13000000000.0,-25154.226839000003,0,1412.314654,1876.812082,4961.58458733333,1.0,19.0,1508.48,1.1111111109876544,0.0,0
2024-07-15,Neutral,Neutral,-1.0,-6.099134,2,0,2,0.0,-0.5,7588.0,0.0,26,2,0,26,198344.85,0.0,-27790.623852,1,2678.839374,1412.314654,1989.322036666663,1.0,17.0,10668.462307692309,13000000000.0,0.0,1
2024-07-17,Greed,Greed,1859.269477,1796.710881,155,145,10,12.840624834482758,-0.2621124,1383.5669677419355,0.9354838709677419,351,3,0,351,626005.53,0.0,-25987.813837,2,-1.0,2678.839374,1363.3846759999965,0.0,26.0,7588.0,0.0,1.0,1
2024-07-18,Greed,Greed,3803.884311,3605.886632,48,48,0,79.2475898125,0.0,11785.5775,1.0,60,2,12,48,649704.85,0.2499999999947917,-24178.638086,2,1859.269477,-1.0,1512.3696169999964,0.9354838709677419,351.0,1383.5669677419355,0.0,2.0,1
2024-07-19,Greed,Greed,2155.891114,2125.387673,12,12,0,179.65759283333333,0.0,7262.724166666667,1.0,23,2,13,10,150269.42,1.29999999987,-25659.137045,2,3803.884311,1859.269477,1887.3845959999962,1.0,60.0,11785.5775,0.2499999999947917,2.0,1
2024-07-20,Greed,Greed,2299.169566,2268.377617,36,33,3,70.05683824242422,-4.235365333333333,2485.0961111111114,0.9166666666666666,266,2,5,261,244362.21,0.019157088122531966,-25516.147101000002,2,2155.891114,3803.884311,2606.348300666663,1.0,23.0,7262.724166666667,1.29999999987,2.0,0
2024-07-21,Greed,Greed,-2960.716887,-2973.173092,236,21,215,4.024290476190476,-14.16384645116279,360.05300847457625,0.08898305084745763,448,2,3,445,234307.46,0.006741573033692716,-30757.69781,2,2299.169566,2155.891114,2752.9816636666633,0.9166666666666666,266.0,2485.0961111111114,0.019157088122531966,2.0,1
2024-07-22,Greed,Greed,1123.345674,1076.68715,105,21,84,104.22943323809525,-12.684195523809521,1514.9330476190476,0.2,154,2,14,141,304213.8,0.09929078014113979,-26707.837568,2,-2960.716887,2299.169566,498.11459766666303,0.08898305084745763,448.0,360.05300847457625,0.006741573033692716,2.0,1
2024-07-23,Greed,Greed,89890.302206,89840.506975,364,329,35,273.52789728267476,-2.867885714285714,910.8037087912088,0.9038461538461539,370,3,231,139,358526.54,1.6618705035851666,0.0,2,1123.345674,-2960.716887,153.93278433332966,0.2,154.0,1514.9330476190476,0.09929078014113979,2.0,1
2024-07-24,Greed,Greed,625.561479,617.738839,18,18,0,34.7534155,0.0,1340.89,1.0,90,5,3,27,69207.93,0.11111111110699588,-89222.768136,2,89890.302206,1123.345674,29350.97699766666,0.9038461538461539,370.0,910.8037087912088,1.6618705035851666,2.0,1
2024-07-25,Greed,Greed,916.7382600000001,913.562391,10,10,0,91.67382599999999,0.0,907.393,1.0,78,3,65,10,528555.31,6.49999999935,-88926.944584,2,625.561479,89890.302206,30546.403119666662,1.0,90.0,1340.89,0.11111111110699588,2.0,1
2024-07-26,Greed,Greed,2766.513113,2659.763575,61,61,0,45.35267398360656,0.0,5292.718688524589,1.0,152,4,39,111,548587.65,0.351351351348186,-87180.74339999999,2,916.7382600000001,625.561479,30477.533981666664,1.0,78.0,907.393,6.49999999935,2.0,1
2024-07-27,Greed,Greed,6400.623656,6124.561279,42,42,0,152.39580133333334,0.0,18779.754285714283,1.0,57,2,51,5,905199.75,10.19999999796,-83715.945696,2,2766.513113,916.7382600000001,1436.2709506666667,1.0,152.0,5292.718688524589,0.351351351348186,2.0,1
2024-07-28,Greed,Greed,587.29903,584.234395,12,12,0,48.94158583333334,0.0,729.6774999999999,1.0,16,2,3,13,43254.68,0.2307692307514793,-89256.27257999999,2,6400.623656,2766.513113,3361.291676333333,1.0,57.0,18779.754285714283,10.19999999796,2.0,1
2024-07-29,Greed,Greed,330.80445399999996,274.056458,16,16,0,20.675278375,0.0,10133.57125,1.0,39,2,28,11,327199.14,2.5454545452231403,-89566.45051699999,2,587.29903,6400.623656,3251.4785996666665,1.0,16.0,729.6774999999999,0.2307692307514793,2.0,1
2024-07-31,Greed,Greed,765.690884,757.100535,14,14,0,54.692206,0.0,1753.135,1.0,43,2,3,40,84506.54,0.07499999999812501,-89083.40643999999,2,330.80445399999996,587.29903,2439.575713333333,1.0,39.0,10133.57125,2.5454545452231403,2.0,1
2024-08-01,Neutral,Neutral,167.080017,162.88153899999998,7,4,3,44.31172350000001,-3.388959,1713.6657142857143,0.5714285714285714,57,4,47,4,227774.53,11.749999997062499,-89677.625436,1,765.690884,330.80445399999996,561.2647893333333,1.0,43.0,1753.135,0.07499999999812501,2.0,1
2024-08-02,Greed,Greed,782.3681909999999,761.255376,17,17,0,46.02165829411765,0.0,3548.3729411764702,1.0,63,3,58,3,396320.37,19.333333326888887,-89079.251599,2,167.080017,765.690884,421.191785,0.5714285714285714,57.0,1713.6657142857143,11.749999997062499,1.0,1
2024-08-03,Fear,Fear,464.1897,462.60277,1,1,0,464.1897,0.0,4534.09,1.0,37,5,34,1,290532.86,33.999999966,-89377.904205,0,782.3681909999999,167.080017,571.7130306666667,1.0,63.0,3548.3729411764702,19.333333326888887,2.0,0
2024-08-04,Fear,Fear,-122672.000883,-122978.73211900001,65,3,62,36.335271666666664,-1980.3388177096776,13482.692615384616,0.046153846153846156,127,5,114,0,1207744.07,114000000000.0,-212819.23909400002,0,464.1897,782.3681909999999,471.212636,1.0,37.0,4534.09,33.999999966,0.0,0
2024-08-05,Fear,Fear,-13131.414708,-13193.117398999999,13,8,5,50.019189,-2706.313644,13561.032307692309,0.6153846153846154,80,4,45,3,420495.4,14.999999995,-103033.62437399999,0,-122672.000883,464.1897,-40475.147664,0.046153846153846156,127.0,13482.692615384616,114000000000.0,0.0,1
2024-08-09,Neutral,Neutral,18082.071276,17924.480178,58,43,15,444.14698211627905,-67.74993033333334,7763.109827586207,0.7413793103448276,144,5,36,81,503204.86,0.4444444444389575,-71916.026797,1,-13131.414708,-122672.000883,-45113.075297,0.6153846153846154,80.0,13561.032307692309,14.999999995,0.0,1
2024-08-11,Fear,Fear,847.7766200000001,840.482515,4,4,0,211.94415500000002,0.0,5210.075000000001,1.0,24,2,4,4,44230.21,0.99999999975,-89000.02446,0,18082.071276,-13131.414708,-39240.448104999996,0.7413793103448276,144.0,7763.109827586207,0.4444444444389575,1.0,1
2024-08-12,Fear,Fear,858.6705000000001,851.971193,6,6,0,143.11175,0.0,3190.146666666667,1.0,48,3,10,14,54167.32,0.7142857142346939,-88988.53578199999,0,847.7766200000001,18082.071276,1932.8110626666664,1.0,24.0,5210.075000000001,0.99999999975,0.0,1
2024-08-13,Fear,Fear,212.08102,209.530517,8,8,0,26.510127500000003,0.0,910.89375,1.0,23,3,4,8,20797.87,0.4999999999375,-89630.97645799999,0,858.6705000000001,847.7766200000001,6596.1727986666665,1.0,48.0,3190.146666666667,0.7142857142346939,0.0,1
2024-08-14,Fear,Fear,2168.9015130000003,2155.0175670000003,5,5,0,433.7803026,0.0,7933.683999999999,1.0,25,3,9,0,66710.03,9000000000.0,-87685.489408,0,212.08102,858.6705000000001,639.5093800000001,1.0,23.0,910.89375,0.4999999999375,0.0,1
2024-08-16,Fear,Fear,825.230544,798.689222,3,3,0,275.076848,0.0,25277.45,1.0,35,2,10,0,166382.84,10000000000.0,-89041.817753,0,2168.9015130000003,212.08102,1079.8843443333335,1.0,25.0,7933.683999999999,9000000000.0,0.0,1
2024-08-18,Fear,Fear,307.201888,293.970095,12,12,0,25.600157333333332,0.0,3150.4283333333333,1.0,15,2,12,2,62804.48,5.999999997,-89546.53688,0,825.230544,2168.9015130000003,1068.7376923333334,1.0,35.0,25277.45,10000000000.0,0.0,1
2024-08-19,Fear,Fear,339.69958299999996,322.085018,5,5,0,67.93991659999999,0.0,10065.467999999999,1.0,8,1,8,0,100315.03,7999999999.999999,-89518.421957,0,307.201888,825.230544,1100.4446483333334,1.0,15.0,3150.4283333333333,5.999999997,0.0,1
2024-08-20,Fear,Fear,192.602844,190.883281,1,1,0,192.602844,0.0,4913.04,1.0,12,2,4,8,49914.8,0.4999999999375,-89649.623694,0,339.69958299999996,307.201888,490.7106716666665,1.0,8.0,10065.467999999999,7999999999.999999,0.0,1
2024-08-21,Fear,Fear,656.200925,636.9805700000001,54,54,0,12.151868981481483,0.0,1016.9509259259258,1.0,145,2,2,143,104990.41,0.013986013985916182,-89203.526405,0,192.602844,339.69958299999996,279.8347716666665,1.0,12.0,4913.04,0.4999999999375,0.0,1
2024-08-23,Fear,Fear,1005.30527,996.201614,3,3,0,335.10175666666663,0.0,8670.15,1.0,10,1,3,7,63509.56,0.4285714285102041,-88844.30536099999,0,656.200925,192.602844,396.1677839999998,1.0,145.0,1016.9509259259258,0.013986013985916182,0.0,1
2024-08-26,Greed,Greed,231.236918,207.69445000000002,2,2,0,115.618459,0.0,33632.095,1.0,6,2,3,2,92611.27,1.49999999925,-89632.812525,2,1005.30527,656.200925,618.0363463333332,1.0,10.0,8670.15,0.4285714285102041,0.0,1
2024-08-28,Fear,Fear,1333.359645,1325.076717,2,2,0,666.6798225,0.0,11832.755000000001,1.0,9,2,7,2,71160.06999999999,3.49999999825,-88515.430258,0,231.236918,1005.30527,630.9143709999998,1.0,6.0,33632.095,1.49999999925,2.0,1
2024-08-30,Fear,Fear,256.464,253.055216,1,1,0,256.464,0.0,9739.38,1.0,6,4,3,1,37233.24,2.9999999969999998,-89587.451759,0,1333.359645,231.236918,856.6339443333331,1.0,9.0,11832.755000000001,3.49999999825,0.0,1
2024-08-31,Fear,Fear,3.87235,3.5237979999999998,2,1,1,3.8808,-0.00845,497.935,0.5,34,3,4,13,107507.43000000001,0.30769230766863903,-89836.983177,0,256.464,1333.359645,607.0201876666665,1.0,6.0,9739.38,2.9999999969999998,0.0,1
2024-09-01,Fear,Fear,137.433093,134.681237,5,5,0,27.486618600000003,0.0,1572.492,1.0,12,1,4,7,12359.68,0.5714285713469388,-89705.825738,0,3.87235,256.464,531.2319983333332,0.5,34.0,497.935,0.30769230766863903,0.0,1
2024-09-04,Fear,Fear,1065.785132,1032.727397,8,5,3,661.5140691999999,-747.261738,11806.33625,0.625,34,2,4,5,131480.97,0.79999999984,-88807.779578,0,137.433093,3.87235,132.58981433333318,1.0,12.0,1572.492,0.5714285713469388,0.0,0
2024-09-10,Fear,Fear,-219.729659,-220.352849,2,0,2,0.0,-109.8648295,890.27,0.0,3,2,2,0,2547.28,1999999999.9999998,-90060.859824,0,1065.785132,137.433093,402.3635249999998,0.625,34.0,11806.33625,0.79999999984,0.0,1
2024-09-20,Neutral,Neutral,9585.03428,9485.434148,9,8,1,1198.365505,-1.88976,31619.09,0.8888888888888888,16,2,12,4,332873.38,2.99999999925,-80355.072827,1,-219.729659,1065.785132,327.8295219999998,0.0,3.0,890.27,1999999999.9999998,0.0,1
2024-09-21,Neutral,Neutral,36165.56933,36107.592489,23,23,0,1572.416057826087,0.0,7202.092173913044,1.0,23,1,23,0,165648.12,23000000000.0,-53732.914485999994,1,9585.03428,-219.729659,3477.0299176666667,0.8888888888888888,16.0,31619.09,2.99999999925,1.0,1
2024-09-23,Neutral,Neutral,334.760796,324.143791,1,1,0,334.760796,0.0,30334.3,1.0,2,1,2,0,40334.29,1999999999.9999998,-89516.363184,1,36165.56933,9585.03428,15176.957983666667,1.0,23.0,7202.092173913044,23000000000.0,1.0,1
2024-09-26,Neutral,Neutral,439.812513,418.658204,2,2,0,219.9062565,0.0,30220.445000000003,1.0,8,2,2,6,113711.93000000001,0.33333333327777775,-89421.84877099999,1,334.760796,36165.56933,15361.788135333336,1.0,2.0,30334.3,1999999999.9999998,1.0,1
2024-09-30,Greed,Greed,2710.626288,2669.577923,5,5,0,542.1252575999999,0.0,23456.212,1.0,106,2,5,101,214669.85,0.04950495049455936,-87170.92905199999,2,439.812513,334.760796,12313.380879666665,1.0,8.0,30220.445000000003,0.33333333327777775,1.0,1
2024-10-03,Fear,Fear,100.375782,98.096046,3,3,0,33.458594,0.0,2171.1766666666667,1.0,9,2,9,0,132935.69,9000000000.0,-89742.41092899999,0,2710.626288,439.812513,1161.733199,1.0,106.0,23456.212,0.04950495049455936,2.0,1
2024-10-05,Neutral,Neutral,5767.161892,5590.200172,24,24,0,240.29841216666668,0.0,21066.873333333333,1.0,37,2,31,5,605605.74,6.19999999876,-84250.306803,1,100.375782,2710.626288,1083.604861,1.0,9.0,2171.1766666666667,9000000000.0,0.0,1
2024-10-06,Neutral,Neutral,130.487079,109.44084799999999,5,5,0,26.0974158,0.0,12026.418,1.0,22,1,11,11,300130.56,0.9999999999090909,-89731.066127,1,5767.161892,100.375782,2859.3879873333335,1.0,37.0,21066.873333333333,6.19999999876,1.0,1
2024-10-08,Neutral,Neutral,5396.546638,5251.441856,33,33,0,163.5317163030303,0.0,12563.186060606062,1.0,36,2,1,33,434584.13,0.03030303030211203,-84589.06511899999,1,130.487079,5767.161892,1999.341584333334,1.0,22.0,12026.418,0.9999999999090909,1.0,1
2024-10-09,Neutral,Neutral,396.06272,374.92389000000003,3,3,0,132.02090666666666,0.0,20132.219999999998,1.0,14,1,14,0,220399.93,14000000000.0,-89465.58308499999,1,5396.546638,130.487079,3764.7318696666675,1.0,36.0,12563.186060606062,0.03030303030211203,1.0,1
2024-10-11,Fear,Fear,8885.327477,8735.208754,18,18,0,493.6293042777777,0.0,23828.37111111111,1.0,26,2,18,7,488904.19,2.5714285710612246,-81105.298221,0,396.06272,5396.546638,1974.3654790000003,1.0,14.0,20132.219999999998,14000000000.0,1.0,1
2024-10-12,Neutral,Neutral,541.55471,503.15399199999996,7,7,0,77.36495857142856,0.0,15673.764285714287,1.0,10,1,2,8,159713.4,0.24999999996875,-89337.35298299999,1,8885.327477,396.06272,4892.645611666668,1.0,26.0,23828.37111111111,2.5714285710612246,0.0,1
2024-10-14,Neutral,Neutral,1913.61958,1891.948976,5,5,0,382.723916,0.0,12383.204000000002,1.0,5,1,5,0,61916.020000000004,5000000000.0,-87948.557999,1,541.55471,8885.327477,3274.314969000001,1.0,10.0,15673.764285714287,0.24999999996875,1.0,1
2024-10-15,Greed,Greed,1170.2260760000001,1155.815951,4,4,0,292.55651900000004,0.0,10292.9475,1.0,7,1,7,0,81173.36,7000000000.0,-88684.691024,2,1913.61958,541.55471,3780.167255666667,1.0,5.0,12383.204000000002,5000000000.0,1.0,1
2024-10-16,Greed,Greed,219.480876,205.402365,3,3,0,73.160292,0.0,13408.106666666667,1.0,11,1,11,0,80229.17,11000000000.0,-89635.10461,2,1170.2260760000001,1913.61958,1208.4667886666673,1.0,7.0,10292.9475,7000000000.0,2.0,1
2024-10-17,Greed,Greed,36.11496,29.102584999999998,2,1,1,38.17884,-2.06388,10017.68,0.5,9,2,9,0,140531.75,9000000000.0,-89811.40439,2,219.480876,1170.2260760000001,1101.1088440000005,1.0,11.0,13408.106666666667,11000000000.0,2.0,1
2024-10-18,Greed,Greed,333.219141,294.603287,5,5,0,66.6438282,0.0,22066.204,1.0,6,1,6,0,120331.43000000001,6000000000.0,-89545.90368799999,2,36.11496,219.480876,475.2739706666673,0.5,9.0,10017.68,9000000000.0,2.0,1
2024-10-20,Greed,Greed,389.155797,347.320878,11,11,0,35.37779972727273,0.0,11320.754545454545,1.0,96,2,6,90,176447.86000000002,0.06666666666592592,-89493.186097,2,333.219141,36.11496,196.2716590000006,1.0,6.0,22066.204,6000000000.0,2.0,1
2024-10-21,Greed,Greed,2464.915564,2434.096068,68,68,0,36.24875829411764,0.0,1445.4916176470588,1.0,173,2,11,162,324117.99,0.0679012345674821,-87406.410907,2,389.155797,333.219141,252.8299660000006,1.0,96.0,11320.754545454545,0.06666666666592592,2.0,0
2024-10-23,Greed,Greed,-46.489941,-70.980895,3,0,3,0.0,-15.496647000000001,23324.716666666664,0.0,18,1,18,0,210006.07,18000000000.0,-89911.48787,2,2464.915564,389.155797,1062.4301673333339,1.0,173.0,1445.4916176470588,0.0679012345674821,2.0,1
2024-10-25,Greed,Greed,13235.862071,13123.521198999999,21,21,0,630.2791462380952,0.0,16089.532857142858,1.0,30,2,25,5,427883.18,4.999999999,-76716.985776,2,-46.489941,2464.915564,935.860473333334,0.0,18.0,23324.716666666664,18000000000.0,2.0,1
2024-10-27,Greed,Greed,666.6623079999999,645.4295539999999,3,3,0,222.22076933333332,0.0,20221.673333333332,1.0,4,1,3,1,90664.41,2.9999999969999998,-89195.077421,2,13235.862071,-46.489941,5218.0958980000005,1.0,30.0,16089.532857142858,4.999999999,2.0,1
2024-10-28,Greed,Greed,1.2563,1.080959,1,1,0,1.2563,0.0,500.98,1.0,13,2,1,9,121495.25,0.11111111109876542,-89839.426016,2,666.6623079999999,13235.862071,4618.678146000001,1.0,4.0,20221.673333333332,2.9999999969999998,2.0,1
2024-10-29,Greed,Greed,801.170876,800.57673,3,3,0,267.0569586666667,0.0,565.85,1.0,53,2,0,53,613267.8099999999,0.0,-89039.930245,2,1.2563,666.6623079999999,4634.593559666668,1.0,13.0,500.98,0.11111111109876542,2.0,1
2024-10-30,Extreme Greed,Greed,9.150023,8.331633,8,7,1,1.3103524285714288,-0.022444,486.49625000000003,0.875,25,1,0,25,11830.85,0.0,-89832.175342,2,801.170876,1.2563,489.6964946666679,1.0,53.0,565.85,0.0,2.0,1
2024-10-31,Extreme Greed,Greed,1214.043811,929.646244,37,34,3,35.78227135294118,-0.8511383333333332,22034.541081081083,0.918918918918919,48,3,11,37,896173.36,0.29729729728926224,-88910.860731,2,9.150023,801.170876,270.52573300000125,0.875,25.0,486.49625000000003,0.0,2.0,1
2024-11-01,Extreme Greed,Greed,1040.475736,1000.5583330000001,10,6,4,174.873101,-2.1907175,11601.68,0.6,23,2,23,0,260981.03,23000000000.0,-88839.948642,2,1214.043811,9.150023,674.7882366666679,0.918918918918919,48.0,22034.541081081083,0.29729729728926224,2.0,1
2024-11-04,Greed,Greed,2799.410474,2697.265351,23,23,0,121.71349886956523,0.0,12688.83608695652,1.0,36,2,36,0,451811.97,36000000000.0,-87143.241624,2,1040.475736,1214.043811,754.5565233333346,0.6,23.0,11601.68,23000000000.0,2.0,1
2024-11-05,Greed,Greed,678.4759280000001,625.753072,5,5,0,135.6951856,0.0,30127.35,1.0,10,1,10,0,200627.23,10000000000.0,-89214.75390299999,2,2799.410474,1040.475736,1684.6433403333347,1.0,36.0,12688.83608695652,36000000000.0,2.0,1
2024-11-06,Greed,Greed,2817.83723,2795.660411,9,7,2,403.0354885714285,-1.705595,7040.26,0.7777777777777778,15,2,15,0,123906.9,15000000000.0,-87044.84656399999,2,678.4759280000001,2799.410474,1506.120712666668,1.0,10.0,30127.35,10000000000.0,2.0,1
2024-11-07,Extreme Greed,Greed,1132.4250359999999,1120.136329,12,12,0,94.36875300000001,0.0,3859.5724999999998,1.0,113,3,18,0,111335.3,18000000000.0,-88720.370646,2,2817.83723,678.4759280000001,2098.5745440000014,0.7777777777777778,15.0,7040.26,15000000000.0,2.0,0
2024-11-08,Extreme Greed,Greed,-64.41354100000007,-111.77482300000005,16,6,10,107.72890083333333,-71.07869459999999,8457.374375,0.375,39,2,39,0,270700.44,39000000000.0,-89952.281798,2,1132.4250359999999,2817.83723,1542.9127313333347,1.0,113.0,3859.5724999999998,18000000000.0,2.0,1
2024-11-09,Extreme Greed,Greed,102.90894,98.16591,44,19,25,5.422479368421053,-0.00472672,405.3929545454546,0.4318181818181818,86,2,9,77,193384.41,0.11688311688159891,-89742.341065,2,-64.41354100000007,1132.4250359999999,1295.2829083333347,0.375,39.0,8457.374375,39000000000.0,2.0,1
2024-11-10,Extreme Greed,Greed,991.114334,921.565351,51,51,0,19.433614392156862,0.0,3896.3031372549017,1.0,173,3,9,164,413636.7,0.054878048780153184,-88918.941624,2,102.90894,-64.41354100000007,390.3068116666681,0.4318181818181818,86.0,405.3929545454546,0.11688311688159891,2.0,1
2024-11-11,Extreme Greed,Greed,6749.630996,6609.550501,96,92,4,73.41189318478261,-1.06579425,4326.1378125,0.9583333333333334,373,4,24,349,1570572.42,0.06876790830925855,-83230.95647399999,2,991.114334,102.90894,343.2032443333348,1.0,173.0,3896.3031372549017,0.054878048780153184,2.0,1
2024-11-12,Extreme Greed,Greed,3494.399394,3343.693894,42,34,8,103.08158364705882,-1.29680625,10252.076904761905,0.8095238095238095,171,4,80,91,1226354.52,0.8791208791112184,-86496.813081,2,6749.630996,991.114334,2614.5514233333347,0.9583333333333334,373.0,4326.1378125,0.06876790830925855,2.0,1
2024-11-13,Extreme Greed,Greed,7846.402274,7690.953017,32,27,5,291.7908386666667,-6.390074,13879.3984375,0.84375,48,5,44,4,515336.37,10.99999999725,-82149.553958,2,3494.399394,6749.630996,3745.048241333335,0.8095238095238095,171.0,10252.076904761905,0.8791208791112184,2.0,1
2024-11-14,Extreme Greed,Greed,4563.509225,4398.144224,28,28,0,162.98247232142856,0.0,18087.907857142858,1.0,110,2,110,0,1008361.81,110000000000.0,-85442.362751,2,7846.402274,3494.399394,6030.144221333335,0.84375,48.0,13879.3984375,10.99999999725,2.0,1
2024-11-15,Extreme Greed,Greed,4140.740438,3908.3673,55,55,0,75.28618978181817,0.0,12695.694363636365,1.0,149,4,116,33,1427858.42,3.515151515044996,-85932.139675,2,4563.509225,7846.402274,5301.436964333335,1.0,110.0,18087.907857142858,110000000000.0,2.0,1
2024-11-16,Extreme Greed,Greed,2769.521909,2722.234273,58,48,10,58.499066937500004,-3.8433304,2525.400344827586,0.8275862068965517,157,4,65,76,303296.07,0.8552631578834834,-87118.272702,2,4140.740438,4563.509225,5516.883979000001,1.0,149.0,12695.694363636365,3.515151515044996,2.0,1
2024-11-17,Extreme Greed,Greed,882.200268,794.600899,60,47,13,19.422912063829788,-2.359738384615384,4822.381166666667,0.7833333333333333,209,4,64,145,1215987.57,0.4413793103417836,-89045.906076,2,2769.521909,4140.740438,3824.5905240000016,0.8275862068965517,157.0,2525.400344827586,0.8552631578834834,2.0,1
2024-11-18,Extreme Greed,Greed,3726.060971,3539.30658,140,111,29,34.52022934234234,-3.6442926206896553,4352.7164999999995,0.7928571428571428,346,7,158,175,2084339.58,0.9028571428519837,-86301.20039499999,2,882.200268,2769.521909,2597.4875383333347,0.7833333333333333,209.0,4822.381166666667,0.4413793103417836,2.0,1
2024-11-19,Extreme Greed,Greed,2954.869869,2851.374382,163,146,17,21.264165294520545,-8.805780235294117,1956.2513496932513,0.8957055214723927,305,5,154,148,628031.15,1.04054054053351,-86989.132593,2,3726.060971,882.200268,2459.2610493333345,0.7928571428571428,346.0,4352.7164999999995,0.9028571428519837,2.0,1
2024-11-20,Extreme Greed,Greed,4205.194692,3881.061625,297,217,80,27.111164539170506,-20.9741001625,3446.303265993266,0.7306397306397306,550,5,433,115,1999514.1199999999,3.7652173912716065,-85959.44535,2,2954.869869,3726.060971,2521.043702666668,0.8957055214723927,305.0,1956.2513496932513,1.04054054053351,2.0,1
2024-11-21,Extreme Greed,Greed,1689.292278,1605.211936,253,164,89,12.46399573780488,-3.986550820224719,1017.7077865612648,0.6482213438735178,535,5,384,142,598300.62,2.7042253520936326,-88235.29503899999,2,4205.194692,2954.869869,3628.7085106666677,0.7306397306397306,550.0,3446.303265993266,3.7652173912716065,2.0,0
2024-11-22,Extreme Greed,Greed,-18117.433971,-18358.35675,351,208,143,18.308380711538458,-153.32571439860138,2936.192905982906,0.5925925925925926,679,6,426,252,1646713.62,1.6904761904694823,-108198.863725,2,1689.292278,4205.194692,2949.7856130000014,0.6482213438735178,535.0,1017.7077865612648,2.7042253520936326,2.0,1
2024-11-23,Extreme Greed,Greed,2891.99023,2831.096751,146,125,21,23.436711631999998,-1.7904154285714289,1634.5674657534246,0.8561643835616438,363,4,122,234,516245.68,0.5213675213652933,-87009.41022399999,2,-18117.433971,1689.292278,-4074.3156669999985,0.5925925925925926,679.0,2936.192905982906,1.6904761904694823,2.0,1
2024-11-24,Extreme Greed,Greed,931.278766,868.952799,59,44,15,23.113944795454543,-5.715653666666667,3539.8881355932203,0.7457627118644068,172,3,69,100,664952.28,0.6899999999931,-88971.55417599999,2,2891.99023,-18117.433971,-4512.050487666666,0.8561643835616438,363.0,1634.5674657534246,0.5213675213652933,2.0,1
2024-11-25,Extreme Greed,Greed,5434.033554,5328.691798,138,94,44,59.711635372340425,-4.0650038863636375,2516.8158695652173,0.6811594202898551,255,2,129,112,937410.87,1.1517857142754304,-84511.815177,2,931.278766,2891.99023,-4764.721658333331,0.7457627118644068,172.0,3539.8881355932203,0.6899999999931,2.0,1
2024-11-26,Extreme Greed,Greed,1093.055153,976.5168820000001,127,87,40,22.09891531034483,-20.738761975,2621.784566929134,0.6850393700787402,302,4,218,77,1146902.44,2.8311688311320626,-88863.990093,2,5434.033554,931.278766,3085.767516666668,0.6811594202898551,255.0,2516.8158695652173,1.1517857142754304,2.0,0
2024-11-27,Extreme Greed,Greed,-2665.087004,-3017.173103,128,72,56,7.7518867361111115,-57.557550875,9059.596640625,0.5625,213,2,140,69,1444242.53,2.028985507216971,-92857.68007799999,2,1093.055153,5434.033554,2486.1224910000014,0.6850393700787402,302.0,2621.784566929134,2.8311688311320626,2.0,0
2024-11-28,Extreme Greed,Greed,-127075.39958499999,-127315.53453799999,228,109,119,49.09270797247705,-1112.827771042017,7259.095175438596,0.4780701754385965,332,5,156,171,1894225.15,0.9122807017490511,-217156.04151299997,2,-2665.087004,1093.055153,1287.333901000001,0.5625,213.0,9059.596640625,2.028985507216971,2.0,1
2024-11-29,Extreme Greed,Greed,928.536416,894.987029,66,51,15,18.719531941176474,-1.7439808666666667,1583.5198484848484,0.7727272727272727,393,11,64,90,794262.91,0.7111111111032099,-88945.519946,2,-127075.39958499999,-2665.087004,-42882.47714533333,0.4780701754385965,332.0,7259.095175438596,0.9122807017490511,2.0,1
2024-11-30,Extreme Greed,Greed,1030.392979,976.307518,52,36,16,30.793735861111113,-4.8863445,3299.0323076923078,0.6923076923076923,373,8,39,166,1732193.7,0.2349397590347293,-88864.199457,2,928.536416,-127075.39958499999,-42937.31672433332,0.7727272727272727,393.0,1583.5198484848484,0.7111111111032099,2.0,1
2024-12-01,Extreme Greed,Greed,1555.005705,1417.215208,112,101,11,15.997893811881182,-5.525597272727273,3974.5070535714285,0.9017857142857143,416,9,53,193,814711.82,0.27461139896230774,-88423.291767,2,1030.392979,928.536416,-41705.49006333333,0.6923076923076923,373.0,3299.0323076923078,0.2349397590347293,2.0,1
2024-12-02,Extreme Greed,Greed,17383.968960000002,17313.233317000002,89,87,2,199.9991742528735,-7.9796,2497.030224719101,0.9775280898876404,270,8,84,88,585243.56,0.9545454545346074,-72527.27365799999,2,1555.005705,1030.392979,1171.311700000005,0.9017857142857143,416.0,3974.5070535714285,0.27461139896230774,2.0,1
2024-12-03,Extreme Greed,Greed,10169.949371,10020.210287,102,86,16,121.03465651162793,-14.9394430625,4392.504215686275,0.8431372549019608,374,8,162,77,1084666.53,2.1038961038687805,-79820.296688,2,17383.968960000002,1555.005705,6656.455881333339,0.9775280898876404,270.0,2497.030224719101,0.9545454545346074,2.0,1
2024-12-04,Extreme Greed,Greed,8717.162064,8676.893766,74,56,18,157.96872832142859,-7.171484555555556,2049.035945945946,0.7567567567567568,319,7,55,140,769287.65,0.39285714285433676,-81163.613209,2,10169.949371,17383.968960000002,9702.974678666673,0.8431372549019608,374.0,4392.504215686275,2.1038961038687805,2.0,1
2024-12-05,Extreme Greed,Greed,6805.369443,6691.951791,164,152,12,47.521909546052626,-34.830067333333325,2301.7481707317074,0.926829268292683,456,8,49,315,1256750.79,0.15555555555506173,-83148.555184,2,8717.162064,10169.949371,12090.360131666674,0.7567567567567568,319.0,2049.035945945946,0.39285714285433676,2.0,0
2024-12-06,Greed,Greed,-167956.646375,-168369.087338,108,65,43,120.07660376923076,-4087.479665581396,20251.49740740741,0.6018518518518519,403,10,56,243,3471019.22,0.230452674896171,-258209.594313,2,6805.369443,8717.162064,8564.160292666673,0.926829268292683,456.0,2301.7481707317074,0.15555555555506173,2.0,1
2024-12-07,Extreme Greed,Greed,3409.862668,3335.51595,89,78,11,43.83358046153846,-0.8324189090909091,2776.7320224719106,0.8764044943820225,304,6,0,229,451733.42,0.0,-86504.991025,2,-167956.646375,6805.369443,-50811.371622666666,0.6018518518518519,403.0,20251.49740740741,0.230452674896171,2.0,1
2024-12-08,Extreme Greed,Greed,354.73489,324.347258,55,51,4,7.4195139411764695,-5.91508025,2141.416909090909,0.9272727272727272,420,6,4,288,932939.72,0.013888888888840665,-89516.159717,2,3409.862668,-167956.646375,-52580.47142133334,0.8764044943820225,304.0,2776.7320224719106,0.0,2.0,1
2024-12-09,Extreme Greed,Greed,3879.257279,3796.616888,166,159,6,24.433868578616348,-0.9546375,1725.5910240963854,0.9578313253012049,539,10,40,211,983949.68,0.18957345971474138,-86043.89008699999,2,354.73489,3409.862668,-54730.682939,0.9272727272727272,420.0,2141.416909090909,0.013888888888840665,2.0,1
2024-12-10,Extreme Greed,Greed,9854.455906,9725.256041,334,323,11,30.98477076780186,-13.96591381818182,1409.515988023952,0.9670658682634731,1596,11,172,346,3150424.08,0.49710982658815867,-80115.250934,2,3879.257279,354.73489,2547.9516123333337,0.9578313253012049,539.0,1725.5910240963854,0.18957345971474138,2.0,1
2024-12-11,Greed,Greed,16107.102299,15929.778102,164,153,11,113.74700641830067,-117.8354257272727,3794.013475609756,0.9329268292682927,1221,12,127,362,2194098.33,0.35082872928079883,-73910.728873,2,9854.455906,3879.257279,4696.149358333333,0.9670658682634731,1596.0,1409.515988023952,0.49710982658815867,2.0,1
2024-12-12,Extreme Greed,Greed,8043.935595999999,7816.231043,177,113,64,102.68649161061947,-55.6193430625,4748.99011299435,0.6384180790960452,1932,14,102,333,4557189.87,0.30630630630538647,-82024.27593199999,2,16107.102299,9854.455906,9946.938494666667,0.9329268292682927,1221.0,3794.013475609756,0.35082872928079883,2.0,1
2024-12-13,Extreme Greed,Greed,21541.608261,21217.574314,379,361,18,60.42606369252077,-15.122262888888887,3159.481451187335,0.9525065963060686,1173,11,407,230,2880824.64,1.7695652173836107,-68622.932661,2,8043.935595999999,16107.102299,11335.164600333332,0.6384180790960452,1932.0,4748.99011299435,0.30630630630538647,2.0,1
2024-12-14,Extreme Greed,Greed,11364.469352,11276.848989,372,355,17,32.61617375211267,-12.604254705882353,1986.804247311828,0.9543010752688172,1235,12,719,161,2369561.78,4.465838509289032,-78563.65798599999,2,21541.608261,8043.935595999999,15230.882052,0.9525065963060686,1173.0,3159.481451187335,1.7695652173836107,2.0,1
2024-12-15,Extreme Greed,Greed,5438.496351,5375.592531,297,245,52,26.86982801632653,-22.011759865384615,2030.0631313131314,0.8249158249158249,1697,15,794,163,2583269.81,4.871165644141895,-84464.914444,2,11364.469352,21541.608261,13650.004402999999,0.9543010752688172,1235.0,1986.804247311828,4.465838509289032,2.0,1
2024-12-16,Extreme Greed,Greed,4802.025052,4775.304879,241,230,11,21.671627247826095,-16.586292272727274,1375.88755186722,0.9543568464730291,1055,13,336,218,2740808.97,1.5412844036626547,-85065.202096,2,5438.496351,11364.469352,12781.524654666666,0.8249158249158249,1697.0,2030.0631313131314,4.871165644141895,2.0,1
2024-12-17,Extreme Greed,Greed,12747.826745,12687.914786,432,412,20,31.14738331310679,-4.244759,1697.7698842592592,0.9537037037037037,1941,16,659,452,5233597.63,1.4579646017666859,-77152.592189,2,4802.025052,5438.496351,7201.663584999998,0.9543568464730291,1055.0,1375.88755186722,1.5412844036626547,2.0,1
2024-12-18,Extreme Greed,Greed,2984.8609149999997,2485.5715410000003,371,322,49,26.95921705279503,-116.24504032653063,5115.233477088948,0.8679245283018868,1429,13,344,388,3798887.07,0.8865979381420449,-87354.935434,2,12747.826745,4802.025052,7662.782715999999,0.9537037037037037,1941.0,1697.7698842592592,1.4579646017666859,2.0,1
2024-12-19,Extreme Greed,Greed,30622.778583,30333.504471,561,534,27,57.78981659737828,-8.777165925925926,2456.810926916221,0.9518716577540107,3339,13,837,175,8241709.39,4.782857142829813,-59507.002504,2,2984.8609149999997,12747.826745,6844.904237333332,0.8679245283018868,1429.0,5115.233477088948,0.8865979381420449,2.0,1
2024-12-20,Greed,Greed,82743.174369,82207.926064,585,569,16,146.34719480316346,-33.023717125000005,3081.7056752136755,0.9726495726495726,2488,15,554,450,7681274.71,1.2311111111083752,-7632.580910999997,2,30622.778583,2984.8609149999997,15451.822081,0.9518716577540107,3339.0,2456.810926916221,4.782857142829813,2.0,1
2024-12-21,Greed,Greed,11205.632006,10832.859798,214,210,4,53.37627487619048,-0.8464295000000001,6401.24070093458,0.9813084112149533,1681,8,403,283,4382875.12,1.424028268546205,-79007.64717699999,2,82743.174369,30622.778583,38783.60462233333,0.9726495726495726,2488.0,3081.7056752136755,1.2311111111083752,2.0,1
2024-12-22,Greed,Greed,331075.800008,330892.25851200003,251,235,16,1409.0399917574468,-3.0373784375,6871.383545816733,0.9362549800796812,774,8,299,313,3087320.22,0.9552715654921557,0.0,2,11205.632006,82743.174369,41523.86165266667,0.9813084112149533,1681.0,6401.24070093458,1.424028268546205,2.0,1
2024-12-23,Greed,Greed,41356.98646,41068.360973,393,311,82,139.27702063344054,-23.880084841463415,2363.890534351145,0.7913486005089059,2347,14,90,617,6771878.26,0.1458670988652417,-289823.897539,2,331075.800008,11205.632006,141674.86879433334,0.9362549800796812,774.0,6871.383545816733,0.9552715654921557,2.0,0
2024-12-24,Greed,Greed,-2853.0725439999997,-3108.189729,104,73,31,37.809174958904116,-181.0691069677419,8397.853173076923,0.7019230769230769,338,11,51,170,1767036.11,0.2999999999982353,-334000.448241,2,41356.98646,331075.800008,127879.47282466665,0.7913486005089059,2347.0,2363.890534351145,0.1458670988652417,2.0,1
2024-12-25,Greed,Greed,337.673099,327.830381,51,41,10,12.970864536585362,-19.4132347,568.3350980392157,0.803921568627451,208,6,14,117,347889.35,0.11965811965709694,-330564.428131,2,-2853.0725439999997,41356.98646,123193.23797466666,0.7019230769230769,338.0,8397.853173076923,0.2999999999982353,2.0,1
2024-12-26,Extreme Greed,Greed,18611.791038,18352.619487,152,140,12,135.91552714285714,-34.6985635,5612.67802631579,0.9210526315789473,697,7,24,245,2205242.65,0.09795918367306956,-312539.63902500004,2,337.673099,-2853.0725439999997,12947.195671666666,0.803921568627451,208.0,568.3350980392157,0.11965811965709694,2.0,1
2024-12-27,Greed,Greed,616.206514,587.318001,96,90,6,7.680841244444443,-12.511533,995.1840625,0.9375,260,7,54,168,347913.0,0.3214285714266582,-330304.94051100005,2,18611.791038,337.673099,5365.463864333334,0.9210526315789473,697.0,5612.67802631579,0.09795918367306956,2.0,1
2024-12-28,Greed,Greed,188.334514,155.500931,32,29,3,6.965484068965517,-4.554841333333333,3385.4093749999997,0.90625,161,7,13,108,281555.01,0.12037037036925582,-330736.75758100004,2,616.206514,18611.791038,6521.890217,0.9375,260.0,995.1840625,0.3214285714266582,2.0,1
2024-12-29,Greed,Greed,831.890306,820.793846,47,47,0,17.69979374468085,0.0,835.8376595744681,1.0,201,7,8,162,344628.54,0.04938271604907789,-330071.46466600004,2,188.334514,616.206514,6472.110688666667,0.90625,161.0,3385.4093749999997,0.12037037036925582,2.0,1
2024-12-30,Greed,Greed,8111.006963,7970.235231,113,111,2,73.09676588288288,-1.367025,3980.662743362832,0.9823008849557522,304,9,90,139,1073865.73,0.6474820143838311,-322922.02328100003,2,831.890306,188.334514,545.4771113333333,1.0,201.0,835.8376595744681,0.04938271604907789,2.0,1
2024-12-31,Greed,Greed,5434.963139,5317.336628,99,91,8,60.44617831868132,-8.204886,3860.4675757575756,0.9191919191919192,306,6,154,107,877164.62,1.439252336435147,-325574.921884,2,8111.006963,831.890306,3043.7439276666664,0.9823008849557522,304.0,3980.662743362832,0.6474820143838311,2.0,1
2025-01-01,Greed,Greed,127.611636,126.095021,24,24,0,5.3171515,0.0,181.54458333333332,1.0,96,6,7,42,282582.1,0.16666666666269842,-330766.163491,2,5434.963139,8111.006963,4792.6201360000005,0.9191919191919192,306.0,3860.4675757575756,1.439252336435147,2.0,1
2025-01-02,Greed,Greed,7387.249477,7295.255102,137,134,3,55.36855420895524,-10.712262333333333,2588.4899270072992,0.9781021897810219,361,9,79,236,774674.84,0.334745762710446,-323597.00341,2,127.611636,5434.963139,4557.860579333334,1.0,96.0,181.54458333333332,0.16666666666269842,2.0,1
2025-01-03,Greed,Greed,5050.982545,4945.921392,137,115,22,44.40034373043478,-2.5025901818181824,2324.177518248175,0.8394160583941606,508,9,95,350,771208.99,0.2714285714277959,-325946.33712000004,2,7387.249477,127.611636,4316.6080839999995,0.9781021897810219,361.0,2588.4899270072992,0.334745762710446,2.0,1
2025-01-04,Greed,Greed,371.546238,365.823562,65,56,9,8.231833410714287,-9.937381444444444,256.5292307692307,0.8615384615384616,371,9,41,296,1826029.6199999999,0.13851351351304556,-330526.43495,2,5050.982545,7387.249477,4188.614552666666,0.8394160583941606,508.0,2324.177518248175,0.2714285714277959,2.0,1
2025-01-05,Greed,Greed,1152.350709,1088.524335,62,59,3,19.67812245762712,-2.886172,3186.2977419354843,0.9516129032258065,239,8,28,167,451943.57,0.16766467065767868,-329803.734177,2,371.546238,5050.982545,4269.926086666666,0.8615384615384616,371.0,256.5292307692307,0.13851351351304556,2.0,1
2025-01-06,Extreme Greed,Greed,4495.617722,4428.994095,81,56,25,83.61213103571428,-7.466464639999999,2411.5595061728395,0.691358024691358,573,7,37,436,556526.99,0.08486238532090629,-326463.26441700006,2,1152.350709,371.546238,2191.626497333333,0.9516129032258065,239.0,3186.2977419354843,0.16766467065767868,2.0,1
2025-01-07,Extreme Greed,Greed,16063.706834,15967.359222000001,492,477,15,34.208108515723275,-16.90406186666667,970.4440853658537,0.9695121951219512,637,6,69,547,1313178.1,0.12614259597783156,-314924.89929000003,2,4495.617722,1152.350709,2006.5048896666665,0.691358024691358,573.0,2411.5595061728395,0.08486238532090629,2.0,1
2025-01-08,Greed,Greed,130914.81356499999,130673.63143699999,395,378,17,346.6592243174603,-7.198425117647059,4460.849493670886,0.9569620253164557,1039,11,531,408,3177275.18,1.3014705882321043,-200218.62707500003,2,16063.706834,4495.617722,7237.225088333333,0.9695121951219512,637.0,970.4440853658537,0.12614259597783156,2.0,1
2025-01-09,Greed,Greed,47451.414772000004,47235.13459,159,142,17,335.0138251197184,-7.091082058823529,4138.305471698113,0.8930817610062893,522,7,217,268,1020733.25,0.8097014925342922,-283657.12392200006,2,130914.81356499999,16063.706834,50491.37937366666,0.9569620253164557,1039.0,4460.849493670886,1.3014705882321043,2.0,0
2025-01-10,Neutral,Neutral,-9404.188952999999,-10582.799088,478,428,50,108.59743868457944,-1117.6778542,7761.274016736402,0.895397489539749,819,7,582,223,6547449.68,2.609865470840315,-341475.05760000006,1,47451.414772000004,130914.81356499999,64809.97839033334,0.8930817610062893,522.0,4138.305471698113,0.8097014925342922,2.0,1
2025-01-11,Greed,Greed,2566.76246,2367.7931240000003,82,66,16,40.92894030303031,-8.409225,8011.302926829268,0.8048780487804879,283,7,164,74,1658098.71,2.2162162161862673,-328524.465388,2,-9404.188952999999,47451.414772000004,56320.67979466667,0.895397489539749,819.0,7761.274016736402,2.609865470840315,1.0,1
2025-01-12,Greed,Greed,2054.115424,1737.266694,469,467,2,4.442938184154175,-10.368354,2706.244669509595,0.9957356076759062,602,7,508,75,2258459.17,6.773333333243022,-329154.99181800004,2,2566.76246,-9404.188952999999,13537.996093000002,0.8048780487804879,283.0,8011.302926829268,2.2162162161862673,2.0,1
2025-01-13,Greed,Greed,8079.952031,7661.284906,158,154,4,52.642834435064934,-6.761118,8785.557911392405,0.9746835443037974,408,11,266,65,2936648.0100000002,4.0923076922447335,-323230.973606,2,2054.115424,2566.76246,-1594.4370229999997,0.9957356076759062,602.0,2706.244669509595,6.773333333243022,2.0,1
2025-01-14,Greed,Greed,3868.956079,3755.135023,83,79,4,49.116336088607596,-2.808618,4721.997228915663,0.9518072289156626,275,9,82,110,876581.97,0.7454545454477686,-327137.123489,2,8079.952031,2054.115424,4233.609971666667,0.9746835443037974,408.0,8785.557911392405,4.0923076922447335,2.0,1
2025-01-15,Greed,Greed,7886.398919,7620.392887,112,96,16,84.64137765624999,-14.948333499999999,7904.275892857143,0.8571428571428571,267,11,102,136,1801599.8900000001,0.7499999999944853,-323271.86562500003,2,3868.956079,8079.952031,4667.674511333334,0.9518072289156626,275.0,4721.997228915663,0.7454545454477686,2.0,1
2025-01-16,Extreme Greed,Greed,19830.192717,19376.220294,126,112,14,179.7071054732143,-21.214506857142858,12902.11253968254,0.8888888888888888,371,9,119,219,3049692.96,0.5433789954313089,-311516.03821800003,2,7886.398919,3868.956079,6611.769009666667,0.8571428571428571,267.0,7904.275892857143,0.7499999999944853,2.0,1
2025-01-17,Extreme Greed,Greed,2332.753506,2174.57311,102,101,1,23.096664584158418,-0.009617,4890.4302941176475,0.9901960784313726,238,8,91,112,1110230.46,0.8124999999927455,-328717.68540200003,2,19830.192717,7886.398919,10528.515905,0.8888888888888888,371.0,12902.11253968254,0.5433789954313089,2.0,0
2025-01-18,Extreme Greed,Greed,-603.7979100000003,-972.4201549999997,252,220,32,64.4180047909091,-461.742467625,5097.655396825397,0.873015873015873,651,12,199,379,2711629.88,0.5250659630593006,-331864.67866700003,2,2332.753506,19830.192717,10016.448380666667,0.9901960784313726,238.0,4890.4302941176475,0.8124999999927455,2.0,1
2025-01-19,Extreme Greed,Greed,79989.240617,79208.550946,309,197,112,451.2684042131981,-79.55924118749999,9798.340841423947,0.6375404530744336,1567,15,696,665,9715215.3,1.0466165413518096,-251683.70756600003,2,-603.7979100000003,2332.753506,7186.382771,0.873015873015873,651.0,5097.655396825397,0.5250659630593006,2.0,1
2025-01-20,Extreme Greed,Greed,87826.462949,86727.657804,743,659,84,147.97061299696512,-115.31155971428572,5620.46402422611,0.8869448183041723,1315,15,672,442,8287327.01,1.5203619909467865,-244164.600708,2,79989.240617,-603.7979100000003,27239.398737666666,0.6375404530744336,1567.0,9798.340841423947,1.0466165413518096,2.0,1
2025-01-21,Extreme Greed,Greed,3668.869318,3515.291795,134,125,9,29.420586288000003,-0.9671075555555557,4527.186567164179,0.9328358208955224,530,8,108,320,1523729.82,0.3374999999989453,-327376.966717,2,87826.462949,79989.240617,55737.30188533334,0.8869448183041723,1315.0,5620.46402422611,1.5203619909467865,2.0,1
2025-01-22,Extreme Greed,Greed,17984.651146,17794.089191,255,199,56,91.74639581909548,-4.872886107142857,3082.351333333333,0.7803921568627451,832,10,350,425,1778406.43,0.8235294117627682,-313098.16932100005,2,3668.869318,87826.462949,57161.52429466666,0.9328358208955224,530.0,4527.186567164179,0.3374999999989453,2.0,1
2025-01-23,Extreme Greed,Greed,107368.046835,106593.22787999999,832,801,31,135.49706003870162,-37.58381470967742,3041.435336538462,0.9627403846153846,1218,12,592,586,3697028.66,1.0102389078481053,-224299.03063200004,2,17984.651146,3668.869318,36493.327804333334,0.7803921568627451,832.0,3082.351333333333,0.8235294117627682,2.0,1
2025-01-24,Extreme Greed,Greed,6647.221704,6550.067524,247,236,11,28.49095944491525,-6.967702272727274,1706.312955465587,0.9554655870445344,874,11,260,163,1611433.45,1.5950920245300915,-324342.190988,2,107368.046835,17984.651146,43007.18909966667,0.9627403846153846,1218.0,3041.435336538462,1.0102389078481053,2.0,0
2025-01-25,Extreme Greed,Greed,-14752.904305999999,-14856.853713000002,162,133,29,39.28701351127819,-688.8992104482758,2594.563271604938,0.8209876543209876,506,11,188,173,1239377.7,1.0867052023058572,-345749.11222500005,2,6647.221704,107368.046835,43999.973228333336,0.9554655870445344,874.0,1706.312955465587,1.5950920245300915,2.0,1
2025-01-26,Greed,Greed,38977.208018,38777.417987,172,162,10,241.79567503703706,-19.3691338,3425.1581395348835,0.9418604651162791,451,7,118,282,1201173.66,0.4184397163105729,-292114.840525,2,-14752.904305999999,6647.221704,33087.454744333336,0.8209876543209876,506.0,2594.563271604938,1.0867052023058572,2.0,1
2025-01-27,Greed,Greed,29525.621099,29424.732611,323,311,12,96.18438900643086,-32.3103235,1186.870681114551,0.9628482972136223,773,15,341,205,1508028.31,1.6634146341382274,-301467.525901,2,38977.208018,-14752.904305999999,10290.508472,0.9418604651162791,451.0,3425.1581395348835,0.4184397163105729,2.0,1
2025-01-28,Greed,Greed,4772.047229,4729.265861,187,180,7,27.074997972222224,-14.493200857142858,1055.8165775401071,0.9625668449197861,498,8,190,143,579412.17,1.3286713286620373,-326162.99265100004,2,29525.621099,38977.208018,17916.641603666667,0.9628482972136223,773.0,1186.870681114551,1.6634146341382274,2.0,1
2025-01-29,Greed,Greed,22157.306077,21871.816056,335,321,14,69.1606241838006,-3.089591857142857,2465.5488656716416,0.9582089552238806,910,9,80,663,1897513.41,0.12066365007523279,-309020.442456,2,4772.047229,29525.621099,24424.958782,0.9625668449197861,498.0,1055.8165775401071,1.3286713286620373,2.0,1
2025-01-30,Greed,Greed,9939.079095,9503.733807,311,276,35,39.68172739492753,-28.94507617142857,4827.600578778135,0.887459807073955,1067,11,212,709,3014397.17,0.29901269393469815,-321388.52470500005,2,22157.306077,4772.047229,18818.324801666666,0.9582089552238806,910.0,2465.5488656716416,0.12066365007523279,2.0,1
2025-01-31,Extreme Greed,Greed,34579.99625,34261.480698,502,466,36,74.9471285,-9.59348975,2657.5031673306776,0.9282868525896414,1016,11,352,525,2783411.48,0.6704761904749134,-296630.77781400003,2,9939.079095,22157.306077,12289.477466999999,0.887459807073955,1067.0,4827.600578778135,0.29901269393469815,2.0,1
2025-02-01,Greed,Greed,28781.113416,28676.130814,257,237,20,122.69441593248945,-14.873158,1839.962412451362,0.9221789883268483,634,12,115,264,1363746.44,0.4356060606044106,-302216.12769800005,2,34579.99625,9939.079095,22225.460473999996,0.9282868525896414,1016.0,2657.5031673306776,0.6704761904749134,2.0,1
2025-02-02,Greed,Greed,158171.80569,157813.570638,292,262,30,618.6360079389312,-130.36094633333335,7239.867910958905,0.8972602739726028,1319,13,564,204,5661092.29,2.764705882339389,-173078.68787400002,2,28781.113416,34579.99625,24433.396253666666,0.9221789883268483,634.0,1839.962412451362,0.4356060606044106,2.0,1
2025-02-03,Fear,Fear,334826.49696200003,333743.005841,1143,953,190,436.3814188961175,-426.5526065578948,9240.847830271216,0.8337707786526685,2380,12,1142,860,22592901.37,1.327906976742642,0.0,0,158171.80569,28781.113416,73844.30511866667,0.8972602739726028,1319.0,7239.867910958905,2.764705882339389,2.0,1
2025-02-04,Greed,Greed,407622.931661,405409.379497,737,635,102,679.4760345779528,-233.76814015686273,10105.134301221167,0.8616010854816825,2512,13,925,1488,15678409.27,0.6216397849458188,0.0,2,334826.49696200003,158171.80569,173926.47202266668,0.8337707786526685,2380.0,9240.847830271216,1.327906976742642,0.0,1
2025-02-05,Neutral,Neutral,54801.684135999996,54183.092183,346,285,61,223.04996060701757,-143.73040388524592,8710.66563583815,0.8236994219653179,1297,11,474,487,8743231.51,0.9733059548234635,-351226.287314,1,407622.931661,334826.49696200003,300207.0781043333,0.8616010854816825,2512.0,10105.134301221167,0.6216397849458188,2.0,1
2025-02-06,Neutral,Neutral,32544.628577,32134.540718,760,732,28,80.92619897814208,-953.3338955357142,1837.309947368421,0.9631578947368421,1703,11,986,527,2818508.87,1.8709677419319337,-373274.83877900004,1,54801.684135999996,407622.931661,265750.37091966666,0.8236994219653179,1297.0,8710.66563583815,0.9733059548234635,1.0,1
2025-02-07,Fear,Fear,19817.88439,19405.199091,489,379,107,59.26597045646437,-24.709517878504673,3107.5196728016363,0.7750511247443763,1524,13,1165,163,3460263.54,7.147239263759833,-386004.180406,0,32544.628577,54801.684135999996,164989.74812466666,0.9631578947368421,1703.0,1837.309947368421,1.8709677419319337,1.0,1
2025-02-08,Fear,Fear,776.166689,767.783361,109,109,0,7.120795311926605,0.0,452.8366972477064,1.0,575,10,366,20,839734.97,18.299999999085,-404641.596136,0,19817.88439,32544.628577,35721.39903433331,0.7750511247443763,1524.0,3107.5196728016363,7.147239263759833,0.0,1
2025-02-09,Neutral,Neutral,150347.107583,150103.089686,313,308,5,488.1696070194805,-1.8262758000000001,6299.745750798722,0.9840255591054313,764,12,160,526,2920919.7,0.30418250950512515,-255306.28981100002,1,776.166689,19817.88439,17712.893218666646,1.0,575.0,452.8366972477064,18.299999999085,0.0,1
2025-02-10,Fear,Fear,60081.701308,59874.929008,369,332,37,183.33671032831325,-21.245581648648646,4544.473821138212,0.8997289972899729,889,14,445,299,3624958.44,1.4882943143762934,-345534.450489,0,150347.107583,776.166689,56980.386220666645,0.9840255591054313,764.0,6299.745750798722,0.30418250950512515,1.0,1
2025-02-11,Neutral,Neutral,3841.310328,3711.852298,86,85,1,49.4816025882353,-364.625892,5296.723720930232,0.9883720930232558,848,12,270,186,2797544.17,1.451612903218002,-401697.527199,1,60081.701308,150347.107583,70401.65852666665,0.8997289972899729,889.0,4544.473821138212,1.4882943143762934,0.0,1
2025-02-12,Neutral,Neutral,18101.445123,17611.824217999998,512,432,80,95.65773659027776,-290.28371355,3926.7858593749997,0.84375,1031,12,593,329,4143974.54,1.8024316109367708,-387797.555279,1,3841.310328,60081.701308,71423.37307299998,0.9883720930232558,848.0,5296.723720930232,1.451612903218002,1.0,1
2025-02-13,Neutral,Neutral,21034.84018,20669.1974,569,553,16,44.46876751537071,-222.274266,2425.345553602812,0.9718804920913884,1370,11,767,492,3199852.21,1.5589430894277259,-384740.182097,1,18101.445123,3841.310328,27341.485586333318,0.84375,1031.0,3926.7858593749997,1.8024316109367708,1.0,1
2025-02-14,Neutral,Neutral,10729.156064,10437.375366,266,177,89,71.63058959322034,-21.9040257752809,4595.045563909774,0.6654135338345865,1655,15,508,582,4007103.42,0.8728522336754763,-394972.004131,1,21034.84018,18101.445123,14325.865210333315,0.9718804920913884,1370.0,2425.345553602812,1.5589430894277259,1.0,1
2025-02-15,Neutral,Neutral,44218.973017,43930.062534,408,392,16,113.15067512755103,-8.5057270625,2785.9754656862747,0.9607843137254902,932,12,621,239,1712852.95,2.5983263598217645,-361479.316963,1,10729.156064,21034.84018,16621.81378899998,0.6654135338345865,1655.0,4595.045563909774,0.8728522336754763,1.0,1
2025-02-16,Neutral,Neutral,1515.300467,1437.85388,277,234,43,7.206090961538462,-3.97499576744186,1340.4081227436823,0.8447653429602888,681,10,310,247,806177.64,1.255060728739858,-403971.525617,1,44218.973017,10729.156064,25327.65642033331,0.9607843137254902,932.0,2785.9754656862747,2.5983263598217645,1.0,1
2025-02-17,Neutral,Neutral,1474.416284,1384.14083,179,148,31,12.452957736486487,-11.891014870967744,1975.2911731843576,0.8268156424581006,941,9,270,178,2031044.64,1.5168539325757482,-404025.238667,1,1515.300467,44218.973017,18821.143182666645,0.8447653429602888,681.0,1340.4081227436823,1.255060728739858,1.0,1
2025-02-18,Neutral,Neutral,83845.837992,83495.660311,643,619,24,136.59404342326332,-29.411453624999996,2285.887293934681,0.9626749611197511,1676,11,548,493,3371128.68,1.111561866123506,-321913.719186,1,1474.416284,1515.300467,15736.229922666644,0.8268156424581006,941.0,1975.2911731843576,1.5168539325757482,1.0,1
2025-02-19,Fear,Fear,9165.671673,8894.211319,408,353,54,30.141378753541076,-27.30064864814815,2517.7264215686273,0.8651960784313726,1361,10,586,364,3263930.24,1.6098901098856873,-396515.168178,0,83845.837992,1474.416284,28945.18491433331,0.9626749611197511,1676.0,2285.887293934681,1.111561866123506,1.0,1
2025-02-20,Neutral,Neutral,45285.487213,44643.43511,962,934,28,48.86961654282655,-12.81195135714286,2472.6687733887734,0.9708939708939709,2012,11,1374,526,4628609.29,2.612167300375262,-360765.944387,1,9165.671673,83845.837992,31495.30864966665,0.8651960784313726,1361.0,2517.7264215686273,1.6098901098856873,0.0,1
2025-02-21,Greed,Greed,110963.160871,110520.306457,983,954,29,116.55425042033544,-7.917035517241379,2197.3001729399793,0.970498474059003,1873,14,1239,599,3972159.88,2.06844741235047,-294889.07304000005,2,45285.487213,9165.671673,46098.998959333316,0.9708939708939709,2012.0,2472.6687733887734,2.612167300375262,1.0,1
2025-02-22,Neutral,Neutral,24801.947188,24352.312048,334,322,11,77.8159898757764,-23.16377745454545,4774.769041916167,0.9640718562874252,686,10,362,304,3175570.2,1.1907894736802935,-381057.067449,1,110963.160871,45285.487213,55138.106585666654,0.970498474059003,1873.0,2197.3001729399793,2.06844741235047,2.0,1
2025-02-23,Neutral,Neutral,10527.780427,10408.305634,228,219,9,57.50709018721461,-229.58581377777773,2006.6410526315788,0.9605263157894737,520,12,217,228,1141310.74,0.9517543859607379,-395001.073863,1,24801.947188,110963.160871,60350.19842399998,0.9640718562874252,686.0,4774.769041916167,1.1907894736802935,1.0,1
2025-02-24,Neutral,Neutral,45097.694346,44120.007142,2400,2168,232,22.200440453413282,-13.072674814655171,1829.4095,0.9033333333333333,5616,14,4852,284,11223619.59,17.084507042193366,-361289.372355,1,10527.780427,24801.947188,48764.29616199998,0.9605263157894737,520.0,2006.6410526315788,0.9517543859607379,1.0,1
2025-02-25,Fear,Fear,210302.716388,209292.41918,1710,1385,325,171.264169400722,-82.76356379076924,4272.953274853801,0.8099415204678363,6246,18,4191,1153,19414984.36,3.6348655680801087,-196116.96031700002,0,45097.694346,10527.780427,26809.140653666644,0.9033333333333333,5616.0,1829.4095,17.084507042193366,1.0,1
2025-02-26,Extreme Fear,Fear,62573.110237,61954.777595,825,767,58,83.10033615906129,-20.083579258620688,5151.037333333333,0.9296969696969697,1176,13,583,500,4946958.13,1.165999999997668,-343454.601902,0,210302.716388,45097.694346,88642.73038699997,0.8099415204678363,6246.0,4272.953274853801,3.6348655680801087,0.0,0
2025-02-27,Extreme Fear,Fear,-37761.123802,-38047.358953,386,213,173,53.15675136619718,-283.7197216358382,3029.6967098445593,0.5518134715025906,890,9,85,757,1999898.43,0.11228533685586224,-443456.73845,0,62573.110237,210302.716388,105991.17365699999,0.9296969696969697,1176.0,5151.037333333333,1.165999999997668,0.0,1
2025-02-28,Extreme Fear,Fear,224318.457774,223708.011187,339,327,12,698.3611580948012,-337.1367435833334,6941.388259587021,0.9646017699115044,1019,13,400,432,4123660.77,0.9259259259237826,-181701.36831000002,0,-37761.123802,62573.110237,78371.56760766666,0.5518134715025906,890.0,3029.6967098445593,0.11228533685586224,0.0,1
2025-03-01,Extreme Fear,Fear,10596.108968,10578.682316,84,78,6,137.18276948717948,-17.357842,1349.6745238095239,0.9285714285714286,174,5,57,96,263824.13,0.5937499999938151,-394830.697181,0,224318.457774,-37761.123802,83043.48140299998,0.9646017699115044,1019.0,6941.388259587021,0.9259259259237826,0.0,1
2025-03-02,Fear,Fear,64059.400696,63155.164575999996,223,209,14,319.1007624688995,-188.04704714285714,14702.876771300449,0.9372197309417041,532,10,341,100,6460848.74,3.4099999999659,-342254.214921,0,10596.108968,224318.457774,65717.8143133333,0.9285714285714286,174.0,1349.6745238095239,0.5937499999938151,0.0,1
2025-03-03,Fear,Fear,613589.40974,612936.630497,893,860,33,717.0191614976743,-92.33542872727273,6707.590223964166,0.9630459126539753,1482,14,466,900,8244590.38,0.5177777777772025,0.0,0,64059.400696,10596.108968,99657.98914599999,0.9372197309417041,532.0,14702.876771300449,3.4099999999659,0.0,1
2025-03-04,Extreme Fear,Fear,197165.312681,196369.371489,688,552,136,378.5324771431159,-86.65157869117648,4249.133372093023,0.8023255813953488,2402,16,1834,242,11124247.15,7.578512396662899,-416567.2590079999,0,613589.40974,64059.400696,229414.97313466668,0.9630459126539753,1482.0,6707.590223964166,0.5177777777772025,0.0,1
2025-03-05,Extreme Fear,Fear,259791.93215,258147.88709200002,1203,1202,1,220.99415320299505,-5843.04,5514.3755195344975,0.999168744804655,1660,13,1335,201,9193654.22,6.641791044743076,-354788.74340499996,0,197165.312681,613589.40974,291604.70770566666,0.8023255813953488,2402.0,4249.133372093023,7.578512396662899,0.0,1
2025-03-06,Fear,Fear,15328.43412,14911.078752,333,327,6,47.44547925688073,-31.039599499999998,8741.220690690692,0.9819819819819819,760,12,401,281,6765324.96,1.4270462633401173,-598025.551745,0,259791.93215,197165.312681,356848.884857,0.999168744804655,1660.0,5514.3755195344975,6.641791044743076,0.0,1
2025-03-07,Fear,Fear,153308.773893,150637.623482,1365,1305,60,117.95141611264368,-10.2970689,7487.947399267398,0.9560439560439561,2552,14,2167,248,19854275.48,8.737903225771218,-462299.007015,0,15328.43412,259791.93215,157428.55965033334,0.9819819819819819,760.0,8741.220690690692,1.4270462633401173,0.0,1
2025-03-08,Fear,Fear,21364.047652,21263.335907,200,200,0,106.82023826000001,0.0,1721.2753500000001,1.0,529,13,264,74,892083.51,3.567567567519357,-591673.29459,0,153308.773893,15328.43412,142809.71338766665,0.9560439560439561,2552.0,7487.947399267398,8.737903225771218,0.0,1
2025-03-09,Fear,Fear,18733.138391,17727.678265,555,555,0,33.75340250630631,0.0,8172.286594594594,1.0,1422,12,891,296,10419697.99,3.010135135124966,-595208.952232,0,21364.047652,153308.773893,63333.75188833333,1.0,529.0,1721.2753500000001,3.567567567519357,0.0,1
2025-03-10,Extreme Fear,Fear,40641.034623,39277.936092,1134,1097,37,42.713971674567,-168.0051974054054,5952.6279629629635,0.9673721340388007,2911,14,2647,17,16811790.68,155.705882343782,-573658.694405,0,18733.138391,21364.047652,64468.653312,1.0,1422.0,8172.286594594594,3.010135135124966,0.0,0
2025-03-11,Extreme Fear,Fear,-15974.010406,-17378.884924,981,586,395,77.36122494880547,-155.20933728101267,6694.1649847094795,0.5973496432212029,3286,16,2411,610,14016952.09,3.952459016386963,-630315.515421,0,40641.034623,18733.138391,26912.740222000004,0.9673721340388007,2911.0,5952.6279629629635,155.705882343782,0.0,1
2025-03-12,Fear,Fear,282442.098679,280152.952474,2049,2011,38,149.54446683590254,-481.36379284210517,4544.6239238653,0.9814543679843827,3968,13,3132,414,18618139.15,7.565217391286074,-332783.67802299996,0,-15974.010406,40641.034623,14466.720869333332,0.5973496432212029,3286.0,6694.1649847094795,3.952459016386963,0.0,1
2025-03-13,Neutral,Neutral,16429.732333,16063.3483,478,438,40,37.99488665981735,-5.300700600000001,2937.4164644351467,0.9163179916317992,962,13,832,95,3285591.22,8.757894736749916,-596873.282197,1,282442.098679,-15974.010406,102369.70763199999,0.9814543679843827,3968.0,4544.6239238653,7.565217391286074,0.0,1
2025-03-14,Fear,Fear,68646.160089,67923.376359,1922,1887,35,36.69893499576046,-17.278007085714286,2898.2324505723204,0.981789802289282,2210,10,2014,192,8047187.16,10.4895833332787,-545013.254138,0,16429.732333,282442.098679,94299.27353533333,0.9163179916317992,962.0,2937.4164644351467,8.757894736749916,1.0,1
2025-03-15,Neutral,Neutral,78641.061266,78322.391638,187,153,34,517.1373186732026,-14.145543852941175,6883.037593582888,0.8181818181818182,261,8,79,184,2355749.54,0.42934782608462313,-534614.2388589999,1,68646.160089,16429.732333,122505.99703366666,0.981789802289282,2210.0,2898.2324505723204,10.4895833332787,0.0,0
2025-03-16,Fear,Fear,-5695.519331999999,-6889.206096000001,195,123,72,164.12451760162597,-359.4838194027778,25036.671435897435,0.6307692307692307,530,8,287,216,10187921.51,1.3287037036975524,-619825.836593,0,78641.061266,68646.160089,54572.317896,0.8181818181818182,261.0,6883.037593582888,0.42934782608462313,1.0,1
2025-03-17,Fear,Fear,27810.259413,27450.531944000002,450,417,33,68.75045517266186,-26.020618,3379.492622222222,0.9266666666666666,920,11,398,426,3592895.05,0.9342723004672905,-585486.0985529999,0,-5695.519331999999,78641.061266,47197.23400766667,0.6307692307692307,530.0,25036.671435897435,1.3287037036975524,0.0,1
2025-03-18,Fear,Fear,61352.724323999995,61033.958426,244,187,57,328.99223937967906,-2.961832280701754,6297.814221311475,0.7663934426229508,834,13,396,440,4050655.47,0.8999999999979545,-551902.672071,0,27810.259413,-5695.519331999999,33585.26711566667,0.9266666666666666,920.0,3379.492622222222,0.9342723004672905,0.0,1
2025-03-19,Fear,Fear,29311.181245,28895.018689,773,669,104,46.83681249177877,-19.44852223076923,2792.095601552393,0.8654592496765847,1612,12,1066,473,4598813.57,2.253699788578745,-584041.6118079999,0,61352.724323999995,27810.259413,27822.488134999996,0.7663934426229508,834.0,6297.814221311475,0.8999999999979545,0.0,1
2025-03-20,Neutral,Neutral,10548.76245,10356.099882,436,314,122,40.1493427388535,-16.869927622950826,2379.130114678899,0.7201834862385321,771,13,589,180,1652257.93,3.2722222222040434,-602580.5306149999,1,29311.181245,61352.724323999995,39491.38832733333,0.8654592496765847,1612.0,2792.095601552393,2.253699788578745,0.0,1
2025-03-21,Fear,Fear,6951.270374,6655.275900000001,349,349,0,19.917680154727794,0.0,3310.9578510028655,1.0,698,9,633,49,2543903.39,12.918367346675137,-606281.3545969999,0,10548.76245,29311.181245,33737.55600633333,0.7201834862385321,771.0,2379.130114678899,3.2722222222040434,1.0,1
2025-03-22,Fear,Fear,11487.812995,11295.621488,306,240,66,53.079887774999996,-18.960001075757578,2155.3265686274513,0.7843137254901961,535,8,97,412,971809.42,0.23543689320331204,-601641.0090089999,0,6951.270374,10548.76245,15603.738023,1.0,698.0,3310.9578510028655,12.918367346675137,0.0,1
2025-03-23,Fear,Fear,13526.975582,13246.468658,138,138,0,98.0215621884058,0.0,8660.475797101448,1.0,447,10,243,157,2593519.67,1.5477707006270844,-599690.161839,0,11487.812995,6951.270374,9662.615273000001,0.7843137254901961,535.0,2155.3265686274513,0.23543689320331204,0.0,1
2025-03-24,Neutral,Neutral,103687.333722,103319.13523300001,621,586,35,177.673380612628,-12.264780485714285,3372.766763285024,0.9436392914653784,1027,13,451,521,3017587.05,0.8656429942401811,-509617.4952639999,1,13526.975582,11487.812995,10655.352983666666,1.0,447.0,8660.475797101448,1.5477707006270844,0.0,1
2025-03-25,Neutral,Neutral,32030.90678,31229.730314,390,286,104,130.59674828671328,-51.15156951923076,7340.456025641026,0.7333333333333333,791,13,594,165,5372519.77,3.599999999978182,-581706.9001829999,1,103687.333722,13526.975582,42900.707432999996,0.9436392914653784,1027.0,3372.766763285024,0.8656429942401811,1.0,1
2025-03-26,Neutral,Neutral,17797.939146,16853.072501,1560,808,744,54.550017638613866,-35.32053105645161,2355.571775641026,0.517948717948718,3102,17,1975,1019,7597754.37,1.9381746810579605,-596083.5579959999,1,32030.90678,103687.333722,49748.40536133333,0.7333333333333333,791.0,7340.456025641026,3.599999999978182,1.0,1
2025-03-27,Fear,Fear,58290.316554,57976.303961,241,238,3,247.10452333613443,-173.52,5409.024356846474,0.9875518672199171,785,11,369,384,3240279.46,0.9609374999974976,-554960.326536,0,17797.939146,32030.90678,51172.059882666676,0.517948717948718,3102.0,2355.571775641026,1.9381746810579605,1.0,1
2025-03-28,Fear,Fear,20206.828952,20048.115846,228,225,3,89.91977370666666,-8.373377333333332,2252.5080701754387,0.9868421052631579,728,11,496,163,1483092.61,3.0429447852574056,-592888.5146509999,0,58290.316554,17797.939146,36039.720826666664,0.9875518672199171,785.0,5409.024356846474,0.9609374999974976,0.0,1
2025-03-29,Fear,Fear,17117.339378,16865.820646,843,674,169,38.53054809050445,-52.380177721893496,1448.8903321470937,0.7995255041518387,1894,10,1730,59,3668151.83,29.322033897808105,-596070.809851,0,20206.828952,58290.316554,32098.361550666665,0.9868421052631579,728.0,2252.5080701754387,3.0429447852574056,0.0,1
2025-03-30,Fear,Fear,15864.269875,15599.507164,103,93,10,188.17145448387095,-163.5675392,9884.747961165049,0.9029126213592233,568,9,532,25,2850874.96,21.2799999991488,-597337.123333,0,17117.339378,20206.828952,31871.494961333334,0.7995255041518387,1894.0,1448.8903321470937,29.322033897808105,0.0,1
2025-03-31,Fear,Fear,6851.924526,6519.54394,182,176,6,86.23384589772728,-1387.5387253333336,7018.536703296703,0.967032967032967,495,12,290,21,2164772.4699999997,13.809523808866214,-606417.086557,0,15864.269875,17117.339378,17729.479401666667,0.9029126213592233,568.0,9884.747961165049,21.2799999991488,0.0,0
2025-04-01,Fear,Fear,-1353.0854240000006,-1456.081879,112,88,24,90.55391080681818,-388.4095656250001,2769.3189285714284,0.7857142857142857,192,9,109,68,704445.1900000001,1.6029411764470154,-614392.7123759999,0,6851.924526,15864.269875,13277.844593000002,0.967032967032967,495.0,7018.536703296703,13.809523808866214,0.0,1
2025-04-02,Fear,Fear,202212.737503,201138.681317,963,962,1,210.20041052702706,-0.057424,3580.6356178608517,0.9989615784008308,1076,11,948,109,3867930.6,8.697247706342226,-411797.94917999994,0,-1353.0854240000006,6851.924526,7121.036325666667,0.7857142857142857,192.0,2769.3189285714284,1.6029411764470154,0.0,0
2025-04-03,Fear,Fear,-2365.961276,-2873.249733,634,520,114,13.318726263461539,-81.50613099122806,4624.701340694006,0.8201892744479495,1748,17,1527,198,8670233.15,7.712121212082263,-615809.8802299999,0,202212.737503,-1353.0854240000006,69237.19220166666,0.9989615784008308,1076.0,3580.6356178608517,8.697247706342226,0.0,1
2025-04-04,Fear,Fear,14297.036815,13846.201842999999,667,489,178,58.80469391002045,-81.22729498314608,3272.524452773613,0.7331334332833583,1272,14,978,239,3835545.73,4.092050209187899,-599090.4286539999,0,-2365.961276,202212.737503,66164.56360100002,0.8201892744479495,1748.0,4624.701340694006,7.712121212082263,0.0,1
2025-04-05,Fear,Fear,35345.14339,35155.888712,196,190,6,187.15714671052632,-35.7857475,4346.365204081632,0.9693877551020408,360,10,310,30,1267564.22,10.33333333298889,-577780.741785,0,14297.036815,-2365.961276,71381.27101400001,0.7331334332833583,1272.0,3272.524452773613,4.092050209187899,0.0,1
2025-04-06,Fear,Fear,48464.762929,48233.798038,343,331,12,148.35669461933531,-53.44191583333333,3593.1419533527696,0.9650145772594753,1048,14,896,117,3551252.06,7.658119658054204,-564702.8324589999,0,35345.14339,14297.036815,15758.739642999999,0.9693877551020408,360.0,4346.365204081632,10.33333333298889,0.0,1
2025-04-07,Extreme Fear,Fear,40005.993527,38823.921388,1196,660,536,226.1845565787879,-203.87278696828358,4897.284966555184,0.5518394648829431,2814,18,1628,1088,14460253.14,1.4963235294103894,-574112.7091089999,0,48464.762929,35345.14339,32702.314378,0.9650145772594753,1048.0,3593.1419533527696,7.658119658054204,0.0,1
2025-04-08,Extreme Fear,Fear,43736.382276,42482.891301999996,425,372,53,118.8721365860215,-9.133066679245283,11016.871670588234,0.8752941176470588,943,17,680,160,8869391.4,4.249999999973438,-570453.7391949999,0,40005.993527,48464.762929,41271.96661533333,0.5518394648829431,2814.0,4897.284966555184,1.4963235294103894,0.0,1
2025-04-09,Extreme Fear,Fear,66298.135131,63643.031143,2097,1629,468,170.40495371700428,-451.47763776495725,6547.463824511206,0.776824034334764,3967,20,1586,2199,28556806.47,0.7212369258750699,-549293.599354,0,43736.382276,40005.993527,44069.046244,0.8752941176470588,943.0,11016.871670588234,4.249999999973438,0.0,1
2025-04-10,Fear,Fear,158078.922718,154638.782675,1319,1121,198,145.26749068242637,-24.07037543939394,11788.375246398786,0.8498862774829417,2127,19,699,1399,28741953.29,0.4996426018581132,-458297.8478219999,0,66298.135131,43736.382276,50013.50364466667,0.776824034334764,3967.0,6547.463824511206,0.7212369258750699,0.0,1
2025-04-11,Fear,Fear,125746.175971,124686.755042,433,350,83,394.20954545142854,-147.3152402048193,12947.556812933024,0.8083140877598153,1096,16,335,697,11319327.07,0.48063127690031476,-488249.875455,0,158078.922718,66298.135131,89371.14670833333,0.8498862774829417,2127.0,11788.375246398786,0.4996426018581132,0.0,1
2025-04-12,Fear,Fear,405818.315919,401480.474202,668,524,144,790.4441806393129,-58.15579677777777,41113.51495508982,0.7844311377245509,2109,20,692,1332,55914617.49,0.5195195195191294,-211456.15629499994,0,125746.175971,158078.922718,116707.74460666666,0.8083140877598153,1096.0,12947.556812933024,0.48063127690031476,0.0,1
2025-04-13,Neutral,Neutral,48550.707582,47482.473658,547,468,79,119.24514046794872,-91.8483311012658,9105.884625228518,0.8555758683729433,1321,17,546,717,14171154.79,0.7615062761495656,-565454.156839,1,405818.315919,125746.175971,229881.13820266665,0.7844311377245509,2109.0,41113.51495508982,0.5195195195191294,0.0,1
2025-04-14,Fear,Fear,45474.686441,44136.208285,387,346,41,151.80535551734104,-171.950404097561,17598.90677002584,0.8940568475452196,890,14,579,275,13079972.98,2.1054545454468894,-568800.422212,0,48550.707582,405818.315919,193371.7331573333,0.8555758683729433,1321.0,9105.884625228518,0.7615062761495656,1.0,1
2025-04-15,Fear,Fear,72229.691769,70891.443181,646,645,1,112.0032815255814,-12.424815,18012.161160990712,0.9984520123839009,1131,14,543,574,20752168.24,0.945993031357237,-542045.187316,0,45474.686441,48550.707582,166614.56998066665,0.8940568475452196,890.0,17598.90677002584,2.1054545454468894,0.0,1
2025-04-16,Fear,Fear,58353.987503,55744.87818,708,535,173,149.48985622429907,-124.98893397109828,23558.178177966103,0.7556497175141242,1608,17,983,512,36502715.9,1.91992187499625,-557191.752317,0,72229.691769,45474.686441,55418.361930666666,0.9984520123839009,1131.0,18012.161160990712,0.945993031357237,0.0,1
2025-04-17,Fear,Fear,4867.736068,4591.374713,350,296,54,17.48214975675676,-5.68481962962963,2586.355942857143,0.8457142857142858,1031,12,115,890,2604551.51,0.12921348314592224,-608345.2557839999,0,58353.987503,72229.691769,58686.12190433333,0.7556497175141242,1608.0,23558.178177966103,1.91992187499625,0.0,1
2025-04-18,Fear,Fear,2070.559680999999,-774.7365639999989,794,769,20,61.412246313394014,-2257.7728867,15531.19282115869,0.9685138539042821,1894,12,390,1140,24610650.46,0.34210526315759465,-613711.367061,0,4867.736068,58353.987503,45150.47178,0.8457142857142858,1031.0,2586.355942857143,0.12921348314592224,0.0,1
2025-04-19,Fear,Fear,71567.146906,67156.584266,760,552,208,132.4135135887681,-7.332272091346154,24721.68142105263,0.7263157894736842,2786,15,584,1856,32706462.71,0.31465517241362356,-545780.046231,0,2070.559680999999,4867.736068,21764.09441733333,0.9685138539042821,1894.0,15531.19282115869,0.34210526315759465,0.0,1
2025-04-20,Fear,Fear,27531.277696,26991.518543000002,724,638,86,60.80939956739812,-130.9897584651163,2688.828273480663,0.8812154696132597,1982,12,176,1372,12126094.05,0.1282798833818307,-585945.111954,0,71567.146906,2070.559680999999,26168.480884999997,0.7263157894736842,2786.0,24721.68142105263,0.31465517241362356,0.0,1
2025-04-21,Fear,Fear,31491.155593,27816.549033,637,463,174,163.91744771274298,-255.1874867701149,31429.636875981163,0.7268445839874411,1718,14,680,824,42104054.84,0.8252427184456005,-585120.0814639999,0,27531.277696,71567.146906,33722.994761,0.8812154696132597,1982.0,2688.828273480663,0.1282798833818307,0.0,1
2025-04-22,Neutral,Neutral,58640.924472,56288.446297,1286,886,400,89.66775185665914,-52.01175918249999,15558.68069206843,0.6889580093312597,2998,15,528,2467,33753625.24,0.21402513173886745,-556648.1841999999,1,31491.155593,27531.277696,43529.86006499999,0.7268445839874411,1718.0,31429.636875981163,0.8252427184456005,0.0,0
2025-04-23,Greed,Greed,-413192.245068,-417823.998513,3920,1767,2135,91.45379536162987,-269.222998347541,4853.149153061225,0.45076530612244897,6159,19,1260,4399,30682443.79,0.28642873380307193,-1030760.62901,2,58640.924472,31491.155593,39221.119253666664,0.6889580093312597,2998.0,15558.68069206843,0.21402513173886745,1.0,1
2025-04-24,Greed,Greed,49362.112371,45285.325156,1131,853,263,65.10343668112543,-23.464331247148287,15753.982829354552,0.7541998231653404,2232,15,1357,530,35088918.64,2.560377358485735,-567651.305341,2,-413192.245068,58640.924472,-107686.72166766667,0.45076530612244897,6159.0,4853.149153061225,0.28642873380307193,2.0,1
2025-04-25,Greed,Greed,16126.106247,13121.333128,614,522,92,39.47901427777778,-48.71673049999999,21636.900602605863,0.8501628664495114,1653,16,236,1104,27749455.78,0.21376811594183537,-599815.2973689999,2,49362.112371,-413192.245068,-101729.73607500001,0.7541998231653404,2232.0,15753.982829354552,2.560377358485735,2.0,1
2025-04-26,Greed,Greed,510.7038370000002,437.3968970000002,213,194,19,23.044574536082475,-208.41808542105264,2602.2068544600943,0.9107981220657277,1131,12,339,393,11948127.77,0.8625954198451333,-612499.2335999999,2,16126.106247,49362.112371,-115901.34215,0.8501628664495114,1653.0,21636.900602605863,0.21376811594183537,2.0,1
2025-04-27,Greed,Greed,2470.570846,2440.844511,155,112,43,23.546940133928576,-3.8764290465116287,1319.9707096774193,0.7225806451612903,337,9,171,37,487537.69,4.621621621496713,-610495.785986,2,510.7038370000002,16126.106247,21999.640818333337,0.9107981220657277,1131.0,2602.2068544600943,0.8625954198451333,2.0,1
2025-04-28,Neutral,Neutral,36112.658716,31617.697025999998,683,540,143,137.09346402222224,-265.15952346853146,28438.615051244506,0.7906295754026355,1379,8,868,325,26124921.49,2.670769230761013,-581318.9334709999,1,2470.570846,510.7038370000002,6369.126976666666,0.7225806451612903,337.0,1319.9707096774193,4.621621621496713,2.0,1
2025-04-29,Greed,Greed,124416.624349,122991.853345,939,874,65,144.87181358924485,-33.86678043076923,18518.969637912673,0.9307774227902024,2243,7,993,1034,34089511.66,0.9603481624748933,-489944.77715199994,2,36112.658716,2470.570846,13031.311133000001,0.7906295754026355,1379.0,28438.615051244506,2.670769230761013,1.0,1
2025-04-30,Greed,Greed,7268.182544,6964.6968,122,88,34,98.12931606818182,-40.2116844117647,7571.530901639345,0.7213114754098361,1113,8,543,130,12693878.85,4.176923076890947,-605971.9336969999,2,124416.624349,36112.658716,54333.284637,0.9307774227902024,2243.0,18518.969637912673,0.9603481624748933,2.0,1
2025-05-01,Neutral,Neutral,52174.897560000005,50213.226045,481,338,143,490.8740065088757,-795.3882282517484,16355.117754677754,0.7027027027027027,1230,11,347,340,10720240.52,1.020588235291116,-562723.4044519999,1,7268.182544,124416.624349,55932.48853633334,0.7213114754098361,1113.0,7571.530901639345,4.176923076890947,2.0,0
